Index: 200948 entries, ID0 to ID200947
Data columns (total 20 columns):
 #   Column              Non-Null Count   Dtype 
---  ------              --------------   ----- 
 0   (no genres listed)  200948 non-null  object
 1   Action              200948 non-null  object
 2   Adventure           200948 non-null  object
 3   Animation           200948 non-null  object
 4   Children            200948 non-null  object
 5   Comedy              200948 non-null  object
 6   Crime               200948 non-null  object
 7   Documentary         200948 non-null  object
 8   Drama               200948 non-null  object
 9   Fantasy             200948 non-null  object
 10  Film-Noir           200948 non-null  object
 11  Horror              200948 non-null  object
 12  IMAX                200948 non-null  object
 13  Musical             200948 non-null  object
 14  Mystery             200948 non-null  object
 15  Romance             200948 non-null  object
 16  Sci-Fi              200948 non-null  object
 17  Thriller            200948 non-null  object
 18  War                 200948 non-null  object
 19  Western             200948 non-null  object
dtypes: object(20)
memory usage: 32.2+ MB
None
2026-04-14 18:29:56,181:root:INFO:Start: Utility evaluation on Raw...
2026-04-14 18:30:42,695:root:INFO:Finished: Utility evaluation on Raw.
San eval 1/5:   0%|                                                                                                                       | 0/8 [00:07<?, ?it/s]
2026-04-14 18:30:49,965:root:ERROR:Utility evaluation failed: Found array with 0 sample(s) (shape=(0, 19)) while a minimum of 1 is required by SimpleImputer.
2026-04-14 18:30:50,820:root:INFO:====================================
2026-04-14 18:30:50,820:root:INFO:🚀 STARTING LINKAGE EVALUATION
2026-04-14 18:30:50,820:root:INFO:====================================
2026-04-14 18:30:50,821:root:INFO:Device set to: cuda:0
Runconfig:
{'nIter': 5, 'sizeRawA': 10000, 'nSynA': 10, 'nShadows': 10, 'sizeRawT': 1000, 'sizeSynT': 1000, 'nSynT': 5, 'nTargets': 0, 'Targets': ['ID17834', 'ID91561', 'ID108784', 'ID127170', 'ID188452'], 'generativeModels': {'IndependentHistogram': [[10], [25]], 'BayesianNet': [[2, 1], [5, 1], [10, 1], [25, 1]], 'PrivBayes': [[25, 1, 0.1], [25, 1, 1.0], [25, 1, 10.0]], 'CTGAN': [[]], 'PATEGAN': [[1], [10]], 'AIM': [[0.1], [1.0], [10.0]], 'DP_MERF': [[0.1]], 'GEM': [[0.1], [1.0]], 'PrivateGSD': [[0.1], [1.0]], 'RAPpp': [[0.1], [1.0]], 'PrivMRF': [[0.1], [1.0]], 'TabDDPM': [[]], 'PrivSyn': [[0.1], [1.0]]}, 'sanitisationTechniques': {'SanitiserNHS': [[10, 1, 0.99, 2, [], ['(no genres listed)', 'Action', 'Adventure', 'Animation', 'Children', 'Comedy', 'Crime', 'Documentary', 'Drama', 'Fantasy', 'Film-Noir', 'Horror', 'IMAX', 'Musical', 'Mystery', 'Romance', 'Sci-Fi', 'Thriller', 'War', 'Western']], [10, 1, 0.99, 5, [], ['(no genres listed)', 'Action', 'Adventure', 'Animation', 'Children', 'Comedy', 'Crime', 'Documentary', 'Drama', 'Fantasy', 'Film-Noir', 'Horror', 'IMAX', 'Musical', 'Mystery', 'Romance', 'Sci-Fi', 'Thriller', 'War', 'Western']], [10, 1, 0.99, 10, [], ['(no genres listed)', 'Action', 'Adventure', 'Animation', 'Children', 'Comedy', 'Crime', 'Documentary', 'Drama', 'Fantasy', 'Film-Noir', 'Horror', 'IMAX', 'Musical', 'Mystery', 'Romance', 'Sci-Fi', 'Thriller', 'War', 'Western']], [10, 1, 0.99, 25, [], ['(no genres listed)', 'Action', 'Adventure', 'Animation', 'Children', 'Comedy', 'Crime', 'Documentary', 'Drama', 'Fantasy', 'Film-Noir', 'Horror', 'IMAX', 'Musical', 'Mystery', 'Romance', 'Sci-Fi', 'Thriller', 'War', 'Western']]], 'SanitiserMondrian': [[2, ['(no genres listed)', 'Action', 'Adventure', 'Animation', 'Children', 'Comedy', 'Crime', 'Documentary', 'Drama', 'Fantasy', 'Film-Noir', 'Horror', 'IMAX', 'Musical', 'Mystery', 'Romance', 'Sci-Fi', 'Thriller', 'War', 'Western'], []], [5, ['(no genres listed)', 'Action', 'Adventure', 'Animation', 'Children', 'Comedy', 'Crime', 'Documentary', 'Drama', 'Fantasy', 'Film-Noir', 'Horror', 'IMAX', 'Musical', 'Mystery', 'Romance', 'Sci-Fi', 'Thriller', 'War', 'Western'], []], [10, ['(no genres listed)', 'Action', 'Adventure', 'Animation', 'Children', 'Comedy', 'Crime', 'Documentary', 'Drama', 'Fantasy', 'Film-Noir', 'Horror', 'IMAX', 'Musical', 'Mystery', 'Romance', 'Sci-Fi', 'Thriller', 'War', 'Western'], []], [25, ['(no genres listed)', 'Action', 'Adventure', 'Animation', 'Children', 'Comedy', 'Crime', 'Documentary', 'Drama', 'Fantasy', 'Film-Noir', 'Horror', 'IMAX', 'Musical', 'Mystery', 'Romance', 'Sci-Fi', 'Thriller', 'War', 'Western'], []]]}}
Loaded data ml32m_full:
<class 'pandas.core.frame.DataFrame'>
Index: 200948 entries, ID0 to ID200947
Data columns (total 20 columns):
 #   Column              Non-Null Count   Dtype 
---  ------              --------------   ----- 
 0   (no genres listed)  200948 non-null  object
 1   Action              200948 non-null  object
 2   Adventure           200948 non-null  object
 3   Animation           200948 non-null  object
 4   Children            200948 non-null  object
 5   Comedy              200948 non-null  object
 6   Crime               200948 non-null  object
 7   Documentary         200948 non-null  object
 8   Drama               200948 non-null  object
 9   Fantasy             200948 non-null  object
 10  Film-Noir           200948 non-null  object
 11  Horror              200948 non-null  object
 12  IMAX                200948 non-null  object
 13  Musical             200948 non-null  object
 14  Mystery             200948 non-null  object
 15  Romance             200948 non-null  object
 16  Sci-Fi              200948 non-null  object
 17  Thriller            200948 non-null  object
 18  War                 200948 non-null  object
 19  Western             200948 non-null  object
dtypes: object(20)
memory usage: 32.2+ MB
None

---- Attack training ----
San attack training: 100%|██████████████████████████████████████████████████████████████████████████████████████████████████████| 40/40 [19:34<00:00, 29.35s/it]
GPU GM attack training:   0%|                                                                                                            | 0/80 [00:00<?, ?it/s]/home/kikus/repos/synthetic_data_release/.venv/lib/python3.12/site-packages/torch/autograd/graph.py:769: UserWarning: Attempting to run cuBLAS, but there was no current CUDA context! Attempting to set the primary context... (Triggered internally at ../aten/src/ATen/cuda/CublasHandlePool.cpp:135.)
  return Variable._execution_engine.run_backward(  # Calls into the C++ engine to run the backward pass
GPU GM attack training:   1%|█▏                                                                                               | 1/80 [03:54<5:08:30, 234.31s/it]WARNING: All log messages before absl::InitializeLog() is called are written to STDERR
I0000 00:00:1776160460.503357  217528 port.cc:153] oneDNN custom operations are on. You may see slightly different numerical results due to floating-point round-off errors from different computation orders. To turn them off, set the environment variable `TF_ENABLE_ONEDNN_OPTS=0`.
WARNING: All log messages before absl::InitializeLog() is called are written to STDERR
I0000 00:00:1776160462.412691  217528 port.cc:153] oneDNN custom operations are on. You may see slightly different numerical results due to floating-point round-off errors from different computation orders. To turn them off, set the environment variable `TF_ENABLE_ONEDNN_OPTS=0`.
2026-04-14 18:54:22,984 tensorflow   WARNING  From /home/kikus/repos/synthetic_data_release/.venv/lib/python3.12/site-packages/tensorflow/python/compat/v2_compat.py:98: disable_resource_variables (from tensorflow.python.ops.resource_variables_toggle) is deprecated and will be removed in a future version.
Instructions for updating:
non-resource variables are not supported in the long term
GPU GM attack training:   4%|███▋                                                                                             | 3/80 [08:39<3:30:31, 164.04s/it]False
Initial Sigma 640.763748150279
(!!!!!!!!!!!!!!!!!!!!!!) Reducing sigma 320.3818740751395
(!!!!!!!!!!!!!!!!!!!!!!) Reducing sigma 160.19093703756974
(!!!!!!!!!!!!!!!!!!!!!!) Reducing sigma 80.09546851878487
(!!!!!!!!!!!!!!!!!!!!!!) Reducing sigma 40.047734259392435
Selected marginals: {('Sci-Fi',): 1, ('Children',): 1, ('War',): 1, ('Action',): 1, ('Documentary',): 1, ('Fantasy',): 2, ('Adventure',): 1, ('Film-Noir',): 2, ('Horror',): 1, ('Romance',): 1, ('Comedy',): 1, ('Animation',): 1, ('Western',): 2, ('Mystery',): 1, ('Musical',): 1, ('Crime',): 1, ('Drama',): 2, ('IMAX',): 1, ('Thriller',): 2, ('(no genres listed)',): 1}
Finish model construction
This is the raw data needed to be decoded
This is the raw data needed to be decoded
This is the raw data needed to be decoded
This is the raw data needed to be decoded
This is the raw data needed to be decoded
This is the raw data needed to be decoded
This is the raw data needed to be decoded
This is the raw data needed to be decoded
This is the raw data needed to be decoded
This is the raw data needed to be decoded
False
Initial Sigma 640.763748150279
(!!!!!!!!!!!!!!!!!!!!!!) Reducing sigma 320.3818740751395
(!!!!!!!!!!!!!!!!!!!!!!) Reducing sigma 160.19093703756974
(!!!!!!!!!!!!!!!!!!!!!!) Reducing sigma 80.09546851878487
Selected marginals: {('Sci-Fi',): 1, ('Children',): 1, ('War',): 1, ('Action',): 1, ('Documentary',): 2, ('Fantasy',): 1, ('Adventure',): 3, ('Film-Noir',): 1, ('Horror',): 1, ('Romance',): 1, ('Comedy',): 1, ('Animation',): 1, ('Western',): 1, ('Mystery',): 1, ('Musical',): 1, ('Crime',): 1, ('Drama',): 2, ('IMAX',): 2, ('Thriller',): 2, ('(no genres listed)',): 2}
Finish model construction
This is the raw data needed to be decoded
This is the raw data needed to be decoded
This is the raw data needed to be decoded
This is the raw data needed to be decoded
This is the raw data needed to be decoded
This is the raw data needed to be decoded
This is the raw data needed to be decoded
This is the raw data needed to be decoded
This is the raw data needed to be decoded
This is the raw data needed to be decoded
False
Initial Sigma 640.763748150279
(!!!!!!!!!!!!!!!!!!!!!!) Reducing sigma 320.3818740751395
(!!!!!!!!!!!!!!!!!!!!!!) Reducing sigma 160.19093703756974
(!!!!!!!!!!!!!!!!!!!!!!) Reducing sigma 80.09546851878487
Selected marginals: {('Sci-Fi',): 1, ('Children',): 1, ('War',): 1, ('Action',): 2, ('Documentary',): 1, ('Fantasy',): 1, ('Adventure',): 2, ('Film-Noir',): 2, ('Horror',): 1, ('Romance',): 1, ('Comedy',): 1, ('Animation',): 1, ('Western',): 1, ('Mystery',): 2, ('Musical',): 1, ('Crime',): 1, ('Drama',): 3, ('IMAX',): 1, ('Thriller',): 1, ('(no genres listed)',): 2}
Finish model construction
This is the raw data needed to be decoded
This is the raw data needed to be decoded
This is the raw data needed to be decoded
This is the raw data needed to be decoded
This is the raw data needed to be decoded
This is the raw data needed to be decoded
This is the raw data needed to be decoded
This is the raw data needed to be decoded
This is the raw data needed to be decoded
This is the raw data needed to be decoded
False
Initial Sigma 640.763748150279
(!!!!!!!!!!!!!!!!!!!!!!) Reducing sigma 320.3818740751395
(!!!!!!!!!!!!!!!!!!!!!!) Reducing sigma 160.19093703756974
(!!!!!!!!!!!!!!!!!!!!!!) Reducing sigma 80.09546851878487
Selected marginals: {('Sci-Fi',): 2, ('Children',): 2, ('War',): 1, ('Action',): 1, ('Documentary',): 1, ('Fantasy',): 1, ('Adventure',): 2, ('Film-Noir',): 1, ('Horror',): 1, ('Romance',): 3, ('Comedy',): 2, ('Animation',): 1, ('Western',): 1, ('Mystery',): 1, ('Musical',): 1, ('Crime',): 1, ('Drama',): 1, ('IMAX',): 1, ('Thriller',): 1, ('(no genres listed)',): 2}
Finish model construction
This is the raw data needed to be decoded
This is the raw data needed to be decoded
This is the raw data needed to be decoded
This is the raw data needed to be decoded
This is the raw data needed to be decoded
This is the raw data needed to be decoded
This is the raw data needed to be decoded
This is the raw data needed to be decoded
This is the raw data needed to be decoded
This is the raw data needed to be decoded
False
Initial Sigma 640.763748150279
(!!!!!!!!!!!!!!!!!!!!!!) Reducing sigma 320.3818740751395
(!!!!!!!!!!!!!!!!!!!!!!) Reducing sigma 160.19093703756974
(!!!!!!!!!!!!!!!!!!!!!!) Reducing sigma 80.09546851878487
Selected marginals: {('Sci-Fi',): 1, ('Children',): 1, ('War',): 1, ('Action',): 1, ('Documentary',): 2, ('Fantasy',): 2, ('Adventure',): 1, ('Film-Noir',): 1, ('Horror',): 1, ('Romance',): 2, ('Comedy',): 1, ('Animation',): 2, ('Western',): 1, ('Mystery',): 1, ('Musical',): 3, ('Crime',): 1, ('Drama',): 1, ('IMAX',): 1, ('Thriller',): 1, ('(no genres listed)',): 2}
Finish model construction
This is the raw data needed to be decoded
This is the raw data needed to be decoded
This is the raw data needed to be decoded
This is the raw data needed to be decoded
This is the raw data needed to be decoded
This is the raw data needed to be decoded
This is the raw data needed to be decoded
This is the raw data needed to be decoded
This is the raw data needed to be decoded
This is the raw data needed to be decoded
False
Initial Sigma 640.763748150279
(!!!!!!!!!!!!!!!!!!!!!!) Reducing sigma 320.3818740751395
(!!!!!!!!!!!!!!!!!!!!!!) Reducing sigma 160.19093703756974
(!!!!!!!!!!!!!!!!!!!!!!) Reducing sigma 80.09546851878487
Selected marginals: {('Sci-Fi',): 1, ('Children',): 1, ('War',): 2, ('Action',): 1, ('Documentary',): 1, ('Fantasy',): 1, ('Adventure',): 1, ('Film-Noir',): 1, ('Horror',): 1, ('Romance',): 1, ('Comedy',): 1, ('Animation',): 1, ('Western',): 2, ('Mystery',): 1, ('Musical',): 1, ('Crime',): 1, ('Drama',): 2, ('IMAX',): 2, ('Thriller',): 3, ('(no genres listed)',): 2}
Finish model construction
This is the raw data needed to be decoded
This is the raw data needed to be decoded
This is the raw data needed to be decoded
This is the raw data needed to be decoded
This is the raw data needed to be decoded
This is the raw data needed to be decoded
This is the raw data needed to be decoded
This is the raw data needed to be decoded
This is the raw data needed to be decoded
This is the raw data needed to be decoded
False
Initial Sigma 640.763748150279
(!!!!!!!!!!!!!!!!!!!!!!) Reducing sigma 320.3818740751395
(!!!!!!!!!!!!!!!!!!!!!!) Reducing sigma 160.19093703756974
(!!!!!!!!!!!!!!!!!!!!!!) Reducing sigma 80.09546851878487
Selected marginals: {('Sci-Fi',): 1, ('Children',): 1, ('War',): 1, ('Action',): 1, ('Documentary',): 1, ('Fantasy',): 1, ('Adventure',): 2, ('Film-Noir',): 3, ('Horror',): 1, ('Romance',): 1, ('Comedy',): 1, ('Animation',): 1, ('Western',): 2, ('Mystery',): 2, ('Musical',): 2, ('Crime',): 1, ('Drama',): 1, ('IMAX',): 2, ('Thriller',): 1, ('(no genres listed)',): 2}
Finish model construction
This is the raw data needed to be decoded
This is the raw data needed to be decoded
This is the raw data needed to be decoded
This is the raw data needed to be decoded
This is the raw data needed to be decoded
This is the raw data needed to be decoded
This is the raw data needed to be decoded
This is the raw data needed to be decoded
This is the raw data needed to be decoded
This is the raw data needed to be decoded
False
Initial Sigma 640.763748150279
(!!!!!!!!!!!!!!!!!!!!!!) Reducing sigma 320.3818740751395
(!!!!!!!!!!!!!!!!!!!!!!) Reducing sigma 160.19093703756974
(!!!!!!!!!!!!!!!!!!!!!!) Reducing sigma 80.09546851878487
Selected marginals: {('Sci-Fi',): 1, ('Children',): 2, ('War',): 1, ('Action',): 2, ('Documentary',): 1, ('Fantasy',): 1, ('Adventure',): 1, ('Film-Noir',): 2, ('Horror',): 2, ('Romance',): 1, ('Comedy',): 1, ('Animation',): 2, ('Western',): 2, ('Mystery',): 2, ('Musical',): 1, ('Crime',): 1, ('Drama',): 1, ('IMAX',): 1, ('Thriller',): 1, ('(no genres listed)',): 1}
Finish model construction
This is the raw data needed to be decoded
This is the raw data needed to be decoded
This is the raw data needed to be decoded
This is the raw data needed to be decoded
This is the raw data needed to be decoded
This is the raw data needed to be decoded
This is the raw data needed to be decoded
This is the raw data needed to be decoded
This is the raw data needed to be decoded
This is the raw data needed to be decoded
False
Initial Sigma 640.763748150279
(!!!!!!!!!!!!!!!!!!!!!!) Reducing sigma 320.3818740751395
(!!!!!!!!!!!!!!!!!!!!!!) Reducing sigma 160.19093703756974
(!!!!!!!!!!!!!!!!!!!!!!) Reducing sigma 80.09546851878487
Selected marginals: {('Sci-Fi',): 2, ('Children',): 1, ('War',): 1, ('Action',): 1, ('Documentary',): 1, ('Fantasy',): 1, ('Adventure',): 2, ('Film-Noir',): 2, ('Horror',): 2, ('Romance',): 1, ('Comedy',): 2, ('Animation',): 2, ('Western',): 1, ('Mystery',): 2, ('Musical',): 1, ('Crime',): 1, ('Drama',): 1, ('IMAX',): 1, ('Thriller',): 2, ('(no genres listed)',): 1}
Finish model construction
This is the raw data needed to be decoded
This is the raw data needed to be decoded
This is the raw data needed to be decoded
This is the raw data needed to be decoded
This is the raw data needed to be decoded
This is the raw data needed to be decoded
This is the raw data needed to be decoded
This is the raw data needed to be decoded
This is the raw data needed to be decoded
This is the raw data needed to be decoded
False
Initial Sigma 640.763748150279
(!!!!!!!!!!!!!!!!!!!!!!) Reducing sigma 320.3818740751395
(!!!!!!!!!!!!!!!!!!!!!!) Reducing sigma 160.19093703756974
(!!!!!!!!!!!!!!!!!!!!!!) Reducing sigma 80.09546851878487
Selected marginals: {('Sci-Fi',): 3, ('Children',): 1, ('War',): 1, ('Action',): 2, ('Documentary',): 2, ('Fantasy',): 1, ('Adventure',): 2, ('Film-Noir',): 1, ('Horror',): 1, ('Romance',): 1, ('Comedy',): 1, ('Animation',): 2, ('Western',): 1, ('Mystery',): 1, ('Musical',): 1, ('Crime',): 1, ('Drama',): 2, ('IMAX',): 1, ('Thriller',): 1, ('(no genres listed)',): 1}
Finish model construction
This is the raw data needed to be decoded
This is the raw data needed to be decoded
This is the raw data needed to be decoded
This is the raw data needed to be decoded
This is the raw data needed to be decoded
This is the raw data needed to be decoded
This is the raw data needed to be decoded
This is the raw data needed to be decoded
This is the raw data needed to be decoded
This is the raw data needed to be decoded
False
Initial Sigma 640.763748150279
(!!!!!!!!!!!!!!!!!!!!!!) Reducing sigma 320.3818740751395
(!!!!!!!!!!!!!!!!!!!!!!) Reducing sigma 160.19093703756974
(!!!!!!!!!!!!!!!!!!!!!!) Reducing sigma 80.09546851878487
Selected marginals: {('Sci-Fi',): 2, ('Children',): 1, ('War',): 1, ('Action',): 1, ('Documentary',): 1, ('Fantasy',): 2, ('Adventure',): 1, ('Film-Noir',): 1, ('Horror',): 2, ('Romance',): 2, ('Comedy',): 1, ('Animation',): 2, ('Western',): 1, ('Mystery',): 1, ('Musical',): 1, ('Crime',): 3, ('Drama',): 1, ('IMAX',): 1, ('Thriller',): 3, ('(no genres listed)',): 1}
Finish model construction
This is the raw data needed to be decoded
This is the raw data needed to be decoded
This is the raw data needed to be decoded
This is the raw data needed to be decoded
This is the raw data needed to be decoded
This is the raw data needed to be decoded
This is the raw data needed to be decoded
This is the raw data needed to be decoded
This is the raw data needed to be decoded
This is the raw data needed to be decoded
False
Initial Sigma 640.763748150279
(!!!!!!!!!!!!!!!!!!!!!!) Reducing sigma 320.3818740751395
(!!!!!!!!!!!!!!!!!!!!!!) Reducing sigma 160.19093703756974
(!!!!!!!!!!!!!!!!!!!!!!) Reducing sigma 80.09546851878487
Selected marginals: {('Sci-Fi',): 2, ('Children',): 2, ('War',): 1, ('Action',): 1, ('Documentary',): 1, ('Fantasy',): 1, ('Adventure',): 2, ('Film-Noir',): 1, ('Horror',): 1, ('Romance',): 1, ('Comedy',): 1, ('Animation',): 1, ('Western',): 1, ('Mystery',): 2, ('Musical',): 2, ('Crime',): 2, ('Drama',): 2, ('IMAX',): 1, ('Thriller',): 1, ('(no genres listed)',): 1}
Finish model construction
This is the raw data needed to be decoded
This is the raw data needed to be decoded
This is the raw data needed to be decoded
This is the raw data needed to be decoded
This is the raw data needed to be decoded
This is the raw data needed to be decoded
This is the raw data needed to be decoded
This is the raw data needed to be decoded
This is the raw data needed to be decoded
This is the raw data needed to be decoded
False
Initial Sigma 640.763748150279
(!!!!!!!!!!!!!!!!!!!!!!) Reducing sigma 320.3818740751395
(!!!!!!!!!!!!!!!!!!!!!!) Reducing sigma 160.19093703756974
(!!!!!!!!!!!!!!!!!!!!!!) Reducing sigma 80.09546851878487
Selected marginals: {('Sci-Fi',): 1, ('Children',): 1, ('War',): 1, ('Action',): 1, ('Documentary',): 2, ('Fantasy',): 1, ('Adventure',): 1, ('Film-Noir',): 3, ('Horror',): 2, ('Romance',): 1, ('Comedy',): 2, ('Animation',): 1, ('Western',): 1, ('Mystery',): 1, ('Musical',): 1, ('Crime',): 3, ('Drama',): 1, ('IMAX',): 1, ('Thriller',): 1, ('(no genres listed)',): 1}
Finish model construction
This is the raw data needed to be decoded
This is the raw data needed to be decoded
This is the raw data needed to be decoded
This is the raw data needed to be decoded
This is the raw data needed to be decoded
This is the raw data needed to be decoded
This is the raw data needed to be decoded
This is the raw data needed to be decoded
This is the raw data needed to be decoded
This is the raw data needed to be decoded
False
Initial Sigma 640.763748150279
(!!!!!!!!!!!!!!!!!!!!!!) Reducing sigma 320.3818740751395
(!!!!!!!!!!!!!!!!!!!!!!) Reducing sigma 160.19093703756974
(!!!!!!!!!!!!!!!!!!!!!!) Reducing sigma 80.09546851878487
Selected marginals: {('Sci-Fi',): 2, ('Children',): 2, ('War',): 1, ('Action',): 1, ('Documentary',): 3, ('Fantasy',): 1, ('Adventure',): 1, ('Film-Noir',): 1, ('Horror',): 1, ('Romance',): 1, ('Comedy',): 2, ('Animation',): 1, ('Western',): 2, ('Mystery',): 3, ('Musical',): 2, ('Crime',): 1, ('Drama',): 1, ('IMAX',): 2, ('Thriller',): 2, ('(no genres listed)',): 1}
Finish model construction
This is the raw data needed to be decoded
This is the raw data needed to be decoded
This is the raw data needed to be decoded
This is the raw data needed to be decoded
This is the raw data needed to be decoded
This is the raw data needed to be decoded
This is the raw data needed to be decoded
This is the raw data needed to be decoded
This is the raw data needed to be decoded
This is the raw data needed to be decoded
False
Initial Sigma 640.763748150279
(!!!!!!!!!!!!!!!!!!!!!!) Reducing sigma 320.3818740751395
(!!!!!!!!!!!!!!!!!!!!!!) Reducing sigma 160.19093703756974
(!!!!!!!!!!!!!!!!!!!!!!) Reducing sigma 80.09546851878487
Selected marginals: {('Sci-Fi',): 1, ('Children',): 1, ('War',): 2, ('Action',): 1, ('Documentary',): 1, ('Fantasy',): 2, ('Adventure',): 1, ('Film-Noir',): 1, ('Horror',): 1, ('Romance',): 2, ('Comedy',): 2, ('Animation',): 2, ('Western',): 1, ('Mystery',): 2, ('Musical',): 2, ('Crime',): 2, ('Drama',): 1, ('IMAX',): 2, ('Thriller',): 2, ('(no genres listed)',): 1}
Finish model construction
This is the raw data needed to be decoded
This is the raw data needed to be decoded
This is the raw data needed to be decoded
This is the raw data needed to be decoded
This is the raw data needed to be decoded
This is the raw data needed to be decoded
This is the raw data needed to be decoded
This is the raw data needed to be decoded
This is the raw data needed to be decoded
This is the raw data needed to be decoded
False
Initial Sigma 640.763748150279
(!!!!!!!!!!!!!!!!!!!!!!) Reducing sigma 320.3818740751395
(!!!!!!!!!!!!!!!!!!!!!!) Reducing sigma 160.19093703756974
(!!!!!!!!!!!!!!!!!!!!!!) Reducing sigma 80.09546851878487
Selected marginals: {('Sci-Fi',): 1, ('Children',): 1, ('War',): 1, ('Action',): 1, ('Documentary',): 1, ('Fantasy',): 1, ('Adventure',): 2, ('Film-Noir',): 3, ('Horror',): 2, ('Romance',): 1, ('Comedy',): 1, ('Animation',): 1, ('Western',): 1, ('Mystery',): 2, ('Musical',): 1, ('Crime',): 1, ('Drama',): 2, ('IMAX',): 2, ('Thriller',): 1, ('(no genres listed)',): 1}
Finish model construction
This is the raw data needed to be decoded
This is the raw data needed to be decoded
This is the raw data needed to be decoded
This is the raw data needed to be decoded
This is the raw data needed to be decoded
This is the raw data needed to be decoded
This is the raw data needed to be decoded
This is the raw data needed to be decoded
This is the raw data needed to be decoded
This is the raw data needed to be decoded
False
Initial Sigma 640.763748150279
(!!!!!!!!!!!!!!!!!!!!!!) Reducing sigma 320.3818740751395
(!!!!!!!!!!!!!!!!!!!!!!) Reducing sigma 160.19093703756974
(!!!!!!!!!!!!!!!!!!!!!!) Reducing sigma 80.09546851878487
(!!!!!!!!!!!!!!!!!!!!!!) Reducing sigma 40.047734259392435
Selected marginals: {('Sci-Fi',): 1, ('Children',): 1, ('War',): 1, ('Action',): 1, ('Documentary',): 2, ('Fantasy',): 1, ('Adventure',): 1, ('Film-Noir',): 2, ('Horror',): 1, ('Romance',): 1, ('Comedy',): 1, ('Animation',): 3, ('Western',): 2, ('Mystery',): 1, ('Musical',): 1, ('Crime',): 2, ('Drama',): 1, ('IMAX',): 1, ('Thriller',): 2, ('(no genres listed)',): 1}
Finish model construction
This is the raw data needed to be decoded
This is the raw data needed to be decoded
This is the raw data needed to be decoded
This is the raw data needed to be decoded
This is the raw data needed to be decoded
This is the raw data needed to be decoded
This is the raw data needed to be decoded
This is the raw data needed to be decoded
This is the raw data needed to be decoded
This is the raw data needed to be decoded
False
Initial Sigma 640.763748150279
(!!!!!!!!!!!!!!!!!!!!!!) Reducing sigma 320.3818740751395
(!!!!!!!!!!!!!!!!!!!!!!) Reducing sigma 160.19093703756974
(!!!!!!!!!!!!!!!!!!!!!!) Reducing sigma 80.09546851878487
Selected marginals: {('Sci-Fi',): 1, ('Children',): 2, ('War',): 1, ('Action',): 1, ('Documentary',): 1, ('Fantasy',): 1, ('Adventure',): 2, ('Film-Noir',): 1, ('Horror',): 2, ('Romance',): 2, ('Comedy',): 1, ('Animation',): 2, ('Western',): 1, ('Mystery',): 1, ('Musical',): 2, ('Crime',): 1, ('Drama',): 2, ('IMAX',): 1, ('Thriller',): 1, ('(no genres listed)',): 1}
Finish model construction
This is the raw data needed to be decoded
This is the raw data needed to be decoded
This is the raw data needed to be decoded
This is the raw data needed to be decoded
This is the raw data needed to be decoded
This is the raw data needed to be decoded
This is the raw data needed to be decoded
This is the raw data needed to be decoded
This is the raw data needed to be decoded
This is the raw data needed to be decoded
False
Initial Sigma 640.763748150279
(!!!!!!!!!!!!!!!!!!!!!!) Reducing sigma 320.3818740751395
(!!!!!!!!!!!!!!!!!!!!!!) Reducing sigma 160.19093703756974
(!!!!!!!!!!!!!!!!!!!!!!) Reducing sigma 80.09546851878487
Selected marginals: {('Sci-Fi',): 1, ('Children',): 2, ('War',): 2, ('Action',): 1, ('Documentary',): 1, ('Fantasy',): 2, ('Adventure',): 2, ('Film-Noir',): 2, ('Horror',): 1, ('Romance',): 2, ('Comedy',): 1, ('Animation',): 1, ('Western',): 2, ('Mystery',): 1, ('Musical',): 2, ('Crime',): 2, ('Drama',): 2, ('IMAX',): 1, ('Thriller',): 1, ('(no genres listed)',): 1}
Finish model construction
This is the raw data needed to be decoded
This is the raw data needed to be decoded
This is the raw data needed to be decoded
This is the raw data needed to be decoded
This is the raw data needed to be decoded
This is the raw data needed to be decoded
This is the raw data needed to be decoded
This is the raw data needed to be decoded
This is the raw data needed to be decoded
This is the raw data needed to be decoded
False
Initial Sigma 640.763748150279
(!!!!!!!!!!!!!!!!!!!!!!) Reducing sigma 320.3818740751395
(!!!!!!!!!!!!!!!!!!!!!!) Reducing sigma 160.19093703756974
(!!!!!!!!!!!!!!!!!!!!!!) Reducing sigma 80.09546851878487
(!!!!!!!!!!!!!!!!!!!!!!) Reducing sigma 40.047734259392435
Selected marginals: {('Sci-Fi',): 1, ('Children',): 1, ('War',): 1, ('Action',): 2, ('Documentary',): 1, ('Fantasy',): 1, ('Adventure',): 1, ('Film-Noir',): 1, ('Horror',): 1, ('Romance',): 2, ('Comedy',): 2, ('Animation',): 2, ('Western',): 1, ('Mystery',): 1, ('Musical',): 1, ('Crime',): 2, ('Drama',): 1, ('IMAX',): 1, ('Thriller',): 1, ('(no genres listed)',): 1}
Finish model construction
This is the raw data needed to be decoded
This is the raw data needed to be decoded
This is the raw data needed to be decoded
This is the raw data needed to be decoded
This is the raw data needed to be decoded
This is the raw data needed to be decoded
This is the raw data needed to be decoded
This is the raw data needed to be decoded
This is the raw data needed to be decoded
This is the raw data needed to be decoded
GPU GM attack training:   5%|████▊                                                                                           | 4/80 [34:43<15:07:44, 716.63s/it]False
Initial Sigma 76.27570952352417
(!!!!!!!!!!!!!!!!!!!!!!) Reducing sigma 38.137854761762085
(!!!!!!!!!!!!!!!!!!!!!!) Reducing sigma 19.068927380881043
(!!!!!!!!!!!!!!!!!!!!!!) Reducing sigma 9.534463690440521
Selected marginals: {('Sci-Fi',): 2, ('Children',): 3, ('War',): 2, ('Action',): 2, ('Documentary',): 2, ('Fantasy',): 2, ('Adventure',): 2, ('Film-Noir',): 2, ('Horror',): 2, ('Romance',): 3, ('Comedy',): 2, ('Animation',): 3, ('Western',): 2, ('Mystery',): 2, ('Musical',): 2, ('Crime',): 2, ('Drama',): 2, ('IMAX',): 2, ('Thriller',): 2, ('(no genres listed)',): 1}
Finish model construction
This is the raw data needed to be decoded
This is the raw data needed to be decoded
This is the raw data needed to be decoded
This is the raw data needed to be decoded
This is the raw data needed to be decoded
This is the raw data needed to be decoded
This is the raw data needed to be decoded
This is the raw data needed to be decoded
This is the raw data needed to be decoded
This is the raw data needed to be decoded
False
Initial Sigma 76.27570952352417
(!!!!!!!!!!!!!!!!!!!!!!) Reducing sigma 38.137854761762085
(!!!!!!!!!!!!!!!!!!!!!!) Reducing sigma 19.068927380881043
(!!!!!!!!!!!!!!!!!!!!!!) Reducing sigma 9.534463690440521
Selected marginals: {('Sci-Fi',): 2, ('Children',): 1, ('War',): 2, ('Action',): 3, ('Documentary',): 2, ('Fantasy',): 1, ('Adventure',): 1, ('Film-Noir',): 1, ('Horror',): 2, ('Romance',): 1, ('Comedy',): 1, ('Animation',): 2, ('Western',): 3, ('Mystery',): 2, ('Musical',): 2, ('Crime',): 1, ('Drama',): 1, ('IMAX',): 1, ('Thriller',): 1, ('(no genres listed)',): 1, ('Animation', 'Children'): 1, ('Crime', 'Drama'): 1}
Finish model construction
This is the raw data needed to be decoded
This is the raw data needed to be decoded
This is the raw data needed to be decoded
This is the raw data needed to be decoded
This is the raw data needed to be decoded
This is the raw data needed to be decoded
This is the raw data needed to be decoded
This is the raw data needed to be decoded
This is the raw data needed to be decoded
This is the raw data needed to be decoded
False
Initial Sigma 76.27570952352417
(!!!!!!!!!!!!!!!!!!!!!!) Reducing sigma 38.137854761762085
(!!!!!!!!!!!!!!!!!!!!!!) Reducing sigma 19.068927380881043
(!!!!!!!!!!!!!!!!!!!!!!) Reducing sigma 9.534463690440521
Selected marginals: {('Sci-Fi',): 2, ('Children',): 3, ('War',): 1, ('Action',): 2, ('Documentary',): 1, ('Fantasy',): 2, ('Adventure',): 2, ('Film-Noir',): 2, ('Horror',): 2, ('Romance',): 1, ('Comedy',): 2, ('Animation',): 2, ('Western',): 1, ('Mystery',): 2, ('Musical',): 1, ('Crime',): 1, ('Drama',): 2, ('IMAX',): 1, ('Thriller',): 2, ('(no genres listed)',): 1}
Finish model construction
This is the raw data needed to be decoded
This is the raw data needed to be decoded
This is the raw data needed to be decoded
This is the raw data needed to be decoded
This is the raw data needed to be decoded
This is the raw data needed to be decoded
This is the raw data needed to be decoded
This is the raw data needed to be decoded
This is the raw data needed to be decoded
This is the raw data needed to be decoded
False
Initial Sigma 76.27570952352417
(!!!!!!!!!!!!!!!!!!!!!!) Reducing sigma 38.137854761762085
(!!!!!!!!!!!!!!!!!!!!!!) Reducing sigma 19.068927380881043
(!!!!!!!!!!!!!!!!!!!!!!) Reducing sigma 9.534463690440521
Selected marginals: {('Sci-Fi',): 1, ('Children',): 2, ('War',): 2, ('Action',): 1, ('Documentary',): 1, ('Fantasy',): 2, ('Adventure',): 2, ('Film-Noir',): 1, ('Horror',): 2, ('Romance',): 2, ('Comedy',): 2, ('Animation',): 3, ('Western',): 1, ('Mystery',): 2, ('Musical',): 2, ('Crime',): 1, ('Drama',): 1, ('IMAX',): 3, ('Thriller',): 1, ('(no genres listed)',): 1, ('Action', 'Thriller'): 1}
Finish model construction
This is the raw data needed to be decoded
This is the raw data needed to be decoded
This is the raw data needed to be decoded
This is the raw data needed to be decoded
This is the raw data needed to be decoded
This is the raw data needed to be decoded
This is the raw data needed to be decoded
This is the raw data needed to be decoded
This is the raw data needed to be decoded
This is the raw data needed to be decoded
False
Initial Sigma 76.27570952352417
(!!!!!!!!!!!!!!!!!!!!!!) Reducing sigma 38.137854761762085
(!!!!!!!!!!!!!!!!!!!!!!) Reducing sigma 19.068927380881043
(!!!!!!!!!!!!!!!!!!!!!!) Reducing sigma 9.534463690440521
Selected marginals: {('Sci-Fi',): 1, ('Children',): 1, ('War',): 3, ('Action',): 1, ('Documentary',): 2, ('Fantasy',): 2, ('Adventure',): 1, ('Film-Noir',): 2, ('Horror',): 2, ('Romance',): 2, ('Comedy',): 3, ('Animation',): 1, ('Western',): 2, ('Mystery',): 2, ('Musical',): 2, ('Crime',): 2, ('Drama',): 1, ('IMAX',): 2, ('Thriller',): 2, ('(no genres listed)',): 1, ('Animation', 'Children'): 1}
Finish model construction
This is the raw data needed to be decoded
This is the raw data needed to be decoded
This is the raw data needed to be decoded
This is the raw data needed to be decoded
This is the raw data needed to be decoded
This is the raw data needed to be decoded
This is the raw data needed to be decoded
This is the raw data needed to be decoded
This is the raw data needed to be decoded
This is the raw data needed to be decoded
False
Initial Sigma 76.27570952352417
(!!!!!!!!!!!!!!!!!!!!!!) Reducing sigma 38.137854761762085
(!!!!!!!!!!!!!!!!!!!!!!) Reducing sigma 19.068927380881043
(!!!!!!!!!!!!!!!!!!!!!!) Reducing sigma 9.534463690440521
Selected marginals: {('Sci-Fi',): 2, ('Children',): 2, ('War',): 4, ('Action',): 1, ('Documentary',): 2, ('Fantasy',): 1, ('Adventure',): 2, ('Film-Noir',): 1, ('Horror',): 3, ('Romance',): 2, ('Comedy',): 2, ('Animation',): 2, ('Western',): 2, ('Mystery',): 2, ('Musical',): 2, ('Crime',): 2, ('Drama',): 1, ('IMAX',): 2, ('Thriller',): 2, ('(no genres listed)',): 1}
Finish model construction
This is the raw data needed to be decoded
This is the raw data needed to be decoded
This is the raw data needed to be decoded
This is the raw data needed to be decoded
This is the raw data needed to be decoded
This is the raw data needed to be decoded
This is the raw data needed to be decoded
This is the raw data needed to be decoded
This is the raw data needed to be decoded
This is the raw data needed to be decoded
False
Initial Sigma 76.27570952352417
(!!!!!!!!!!!!!!!!!!!!!!) Reducing sigma 38.137854761762085
(!!!!!!!!!!!!!!!!!!!!!!) Reducing sigma 19.068927380881043
(!!!!!!!!!!!!!!!!!!!!!!) Reducing sigma 9.534463690440521
Selected marginals: {('Sci-Fi',): 3, ('Children',): 2, ('War',): 1, ('Action',): 1, ('Documentary',): 1, ('Fantasy',): 2, ('Adventure',): 2, ('Film-Noir',): 3, ('Horror',): 1, ('Romance',): 2, ('Comedy',): 2, ('Animation',): 1, ('Western',): 2, ('Mystery',): 2, ('Musical',): 2, ('Crime',): 2, ('Drama',): 2, ('IMAX',): 2, ('Thriller',): 1, ('(no genres listed)',): 1}
Finish model construction
This is the raw data needed to be decoded
This is the raw data needed to be decoded
This is the raw data needed to be decoded
This is the raw data needed to be decoded
This is the raw data needed to be decoded
This is the raw data needed to be decoded
This is the raw data needed to be decoded
This is the raw data needed to be decoded
This is the raw data needed to be decoded
This is the raw data needed to be decoded
False
Initial Sigma 76.27570952352417
(!!!!!!!!!!!!!!!!!!!!!!) Reducing sigma 38.137854761762085
(!!!!!!!!!!!!!!!!!!!!!!) Reducing sigma 19.068927380881043
(!!!!!!!!!!!!!!!!!!!!!!) Reducing sigma 9.534463690440521
Selected marginals: {('Sci-Fi',): 1, ('Children',): 1, ('War',): 1, ('Action',): 1, ('Documentary',): 3, ('Fantasy',): 1, ('Adventure',): 3, ('Film-Noir',): 1, ('Horror',): 2, ('Romance',): 1, ('Comedy',): 1, ('Animation',): 1, ('Western',): 2, ('Mystery',): 1, ('Musical',): 2, ('Crime',): 1, ('Drama',): 1, ('IMAX',): 2, ('Thriller',): 2, ('(no genres listed)',): 1, ('Animation', 'Children'): 1, ('Action', 'Sci-Fi'): 1}
Finish model construction
This is the raw data needed to be decoded
This is the raw data needed to be decoded
This is the raw data needed to be decoded
This is the raw data needed to be decoded
This is the raw data needed to be decoded
This is the raw data needed to be decoded
This is the raw data needed to be decoded
This is the raw data needed to be decoded
This is the raw data needed to be decoded
This is the raw data needed to be decoded
False
Initial Sigma 76.27570952352417
(!!!!!!!!!!!!!!!!!!!!!!) Reducing sigma 38.137854761762085
(!!!!!!!!!!!!!!!!!!!!!!) Reducing sigma 19.068927380881043
(!!!!!!!!!!!!!!!!!!!!!!) Reducing sigma 9.534463690440521
Selected marginals: {('Sci-Fi',): 1, ('Children',): 4, ('War',): 2, ('Action',): 1, ('Documentary',): 2, ('Fantasy',): 2, ('Adventure',): 2, ('Film-Noir',): 1, ('Horror',): 1, ('Romance',): 2, ('Comedy',): 2, ('Animation',): 2, ('Western',): 3, ('Mystery',): 2, ('Musical',): 2, ('Crime',): 1, ('Drama',): 2, ('IMAX',): 1, ('Thriller',): 2, ('(no genres listed)',): 1, ('Action', 'Sci-Fi'): 1}
Finish model construction
This is the raw data needed to be decoded
This is the raw data needed to be decoded
This is the raw data needed to be decoded
This is the raw data needed to be decoded
This is the raw data needed to be decoded
This is the raw data needed to be decoded
This is the raw data needed to be decoded
This is the raw data needed to be decoded
This is the raw data needed to be decoded
This is the raw data needed to be decoded
False
Initial Sigma 76.27570952352417
(!!!!!!!!!!!!!!!!!!!!!!) Reducing sigma 38.137854761762085
(!!!!!!!!!!!!!!!!!!!!!!) Reducing sigma 19.068927380881043
(!!!!!!!!!!!!!!!!!!!!!!) Reducing sigma 9.534463690440521
Selected marginals: {('Sci-Fi',): 2, ('Children',): 2, ('War',): 2, ('Action',): 2, ('Documentary',): 2, ('Fantasy',): 2, ('Adventure',): 2, ('Film-Noir',): 2, ('Horror',): 2, ('Romance',): 1, ('Comedy',): 2, ('Animation',): 1, ('Western',): 3, ('Mystery',): 2, ('Musical',): 2, ('Crime',): 2, ('Drama',): 1, ('IMAX',): 3, ('Thriller',): 2, ('(no genres listed)',): 1, ('Animation', 'Children'): 1}
Finish model construction
This is the raw data needed to be decoded
This is the raw data needed to be decoded
This is the raw data needed to be decoded
This is the raw data needed to be decoded
This is the raw data needed to be decoded
This is the raw data needed to be decoded
This is the raw data needed to be decoded
This is the raw data needed to be decoded
This is the raw data needed to be decoded
This is the raw data needed to be decoded
False
Initial Sigma 76.27570952352417
(!!!!!!!!!!!!!!!!!!!!!!) Reducing sigma 38.137854761762085
(!!!!!!!!!!!!!!!!!!!!!!) Reducing sigma 19.068927380881043
(!!!!!!!!!!!!!!!!!!!!!!) Reducing sigma 9.534463690440521
Selected marginals: {('Sci-Fi',): 1, ('Children',): 1, ('War',): 2, ('Action',): 2, ('Documentary',): 2, ('Fantasy',): 2, ('Adventure',): 1, ('Film-Noir',): 2, ('Horror',): 1, ('Romance',): 3, ('Comedy',): 2, ('Animation',): 2, ('Western',): 2, ('Mystery',): 2, ('Musical',): 3, ('Crime',): 2, ('Drama',): 2, ('IMAX',): 2, ('Thriller',): 1, ('(no genres listed)',): 2, ('Animation', 'Children'): 1}
Finish model construction
This is the raw data needed to be decoded
This is the raw data needed to be decoded
This is the raw data needed to be decoded
This is the raw data needed to be decoded
This is the raw data needed to be decoded
This is the raw data needed to be decoded
This is the raw data needed to be decoded
This is the raw data needed to be decoded
This is the raw data needed to be decoded
This is the raw data needed to be decoded
False
Initial Sigma 76.27570952352417
(!!!!!!!!!!!!!!!!!!!!!!) Reducing sigma 38.137854761762085
(!!!!!!!!!!!!!!!!!!!!!!) Reducing sigma 19.068927380881043
(!!!!!!!!!!!!!!!!!!!!!!) Reducing sigma 9.534463690440521
Selected marginals: {('Sci-Fi',): 2, ('Children',): 2, ('War',): 3, ('Action',): 2, ('Documentary',): 2, ('Fantasy',): 2, ('Adventure',): 2, ('Film-Noir',): 2, ('Horror',): 2, ('Romance',): 2, ('Comedy',): 3, ('Animation',): 1, ('Western',): 2, ('Mystery',): 2, ('Musical',): 2, ('Crime',): 1, ('Drama',): 1, ('IMAX',): 1, ('Thriller',): 1, ('(no genres listed)',): 1, ('Animation', 'Children'): 1}
Finish model construction
This is the raw data needed to be decoded
This is the raw data needed to be decoded
This is the raw data needed to be decoded
This is the raw data needed to be decoded
This is the raw data needed to be decoded
This is the raw data needed to be decoded
This is the raw data needed to be decoded
This is the raw data needed to be decoded
This is the raw data needed to be decoded
This is the raw data needed to be decoded
False
Initial Sigma 76.27570952352417
(!!!!!!!!!!!!!!!!!!!!!!) Reducing sigma 38.137854761762085
(!!!!!!!!!!!!!!!!!!!!!!) Reducing sigma 19.068927380881043
(!!!!!!!!!!!!!!!!!!!!!!) Reducing sigma 9.534463690440521
Selected marginals: {('Sci-Fi',): 2, ('Children',): 1, ('War',): 1, ('Action',): 1, ('Documentary',): 2, ('Fantasy',): 1, ('Adventure',): 1, ('Film-Noir',): 2, ('Horror',): 2, ('Romance',): 3, ('Comedy',): 2, ('Animation',): 1, ('Western',): 1, ('Mystery',): 2, ('Musical',): 1, ('Crime',): 1, ('Drama',): 1, ('IMAX',): 2, ('Thriller',): 1, ('(no genres listed)',): 2, ('Animation', 'Children'): 1}
Finish model construction
This is the raw data needed to be decoded
This is the raw data needed to be decoded
This is the raw data needed to be decoded
This is the raw data needed to be decoded
This is the raw data needed to be decoded
This is the raw data needed to be decoded
This is the raw data needed to be decoded
This is the raw data needed to be decoded
This is the raw data needed to be decoded
This is the raw data needed to be decoded
False
Initial Sigma 76.27570952352417
(!!!!!!!!!!!!!!!!!!!!!!) Reducing sigma 38.137854761762085
(!!!!!!!!!!!!!!!!!!!!!!) Reducing sigma 19.068927380881043
(!!!!!!!!!!!!!!!!!!!!!!) Reducing sigma 9.534463690440521
Selected marginals: {('Sci-Fi',): 2, ('Children',): 2, ('War',): 2, ('Action',): 2, ('Documentary',): 2, ('Fantasy',): 3, ('Adventure',): 2, ('Film-Noir',): 1, ('Horror',): 2, ('Romance',): 1, ('Comedy',): 2, ('Animation',): 2, ('Western',): 1, ('Mystery',): 1, ('Musical',): 2, ('Crime',): 2, ('Drama',): 1, ('IMAX',): 2, ('Thriller',): 2, ('(no genres listed)',): 2, ('Animation', 'Children'): 1}
Finish model construction
This is the raw data needed to be decoded
This is the raw data needed to be decoded
This is the raw data needed to be decoded
This is the raw data needed to be decoded
This is the raw data needed to be decoded
This is the raw data needed to be decoded
This is the raw data needed to be decoded
This is the raw data needed to be decoded
This is the raw data needed to be decoded
This is the raw data needed to be decoded
False
Initial Sigma 76.27570952352417
(!!!!!!!!!!!!!!!!!!!!!!) Reducing sigma 38.137854761762085
(!!!!!!!!!!!!!!!!!!!!!!) Reducing sigma 19.068927380881043
(!!!!!!!!!!!!!!!!!!!!!!) Reducing sigma 9.534463690440521
(!!!!!!!!!!!!!!!!!!!!!!) Reducing sigma 8.322362204238422
Selected marginals: {('Sci-Fi',): 2, ('Children',): 2, ('War',): 2, ('Action',): 2, ('Documentary',): 3, ('Fantasy',): 3, ('Adventure',): 3, ('Film-Noir',): 1, ('Horror',): 2, ('Romance',): 1, ('Comedy',): 2, ('Animation',): 2, ('Western',): 2, ('Mystery',): 2, ('Musical',): 2, ('Crime',): 2, ('Drama',): 1, ('IMAX',): 4, ('Thriller',): 2, ('(no genres listed)',): 1}
Finish model construction
This is the raw data needed to be decoded
This is the raw data needed to be decoded
This is the raw data needed to be decoded
This is the raw data needed to be decoded
This is the raw data needed to be decoded
This is the raw data needed to be decoded
This is the raw data needed to be decoded
This is the raw data needed to be decoded
This is the raw data needed to be decoded
This is the raw data needed to be decoded
False
Initial Sigma 76.27570952352417
(!!!!!!!!!!!!!!!!!!!!!!) Reducing sigma 38.137854761762085
(!!!!!!!!!!!!!!!!!!!!!!) Reducing sigma 19.068927380881043
(!!!!!!!!!!!!!!!!!!!!!!) Reducing sigma 9.534463690440521
Selected marginals: {('Sci-Fi',): 4, ('Children',): 1, ('War',): 2, ('Action',): 2, ('Documentary',): 2, ('Fantasy',): 2, ('Adventure',): 1, ('Film-Noir',): 2, ('Horror',): 1, ('Romance',): 2, ('Comedy',): 1, ('Animation',): 2, ('Western',): 2, ('Mystery',): 2, ('Musical',): 2, ('Crime',): 2, ('Drama',): 2, ('IMAX',): 2, ('Thriller',): 3, ('(no genres listed)',): 1}
Finish model construction
This is the raw data needed to be decoded
This is the raw data needed to be decoded
This is the raw data needed to be decoded
This is the raw data needed to be decoded
This is the raw data needed to be decoded
This is the raw data needed to be decoded
This is the raw data needed to be decoded
This is the raw data needed to be decoded
This is the raw data needed to be decoded
This is the raw data needed to be decoded
False
Initial Sigma 76.27570952352417
(!!!!!!!!!!!!!!!!!!!!!!) Reducing sigma 38.137854761762085
(!!!!!!!!!!!!!!!!!!!!!!) Reducing sigma 19.068927380881043
(!!!!!!!!!!!!!!!!!!!!!!) Reducing sigma 9.534463690440521
Selected marginals: {('Sci-Fi',): 1, ('Children',): 1, ('War',): 2, ('Action',): 2, ('Documentary',): 2, ('Fantasy',): 1, ('Adventure',): 2, ('Film-Noir',): 2, ('Horror',): 2, ('Romance',): 1, ('Comedy',): 1, ('Animation',): 2, ('Western',): 2, ('Mystery',): 2, ('Musical',): 1, ('Crime',): 2, ('Drama',): 3, ('IMAX',): 2, ('Thriller',): 2, ('(no genres listed)',): 1, ('Animation', 'Children'): 1}
Finish model construction
This is the raw data needed to be decoded
This is the raw data needed to be decoded
This is the raw data needed to be decoded
This is the raw data needed to be decoded
This is the raw data needed to be decoded
This is the raw data needed to be decoded
This is the raw data needed to be decoded
This is the raw data needed to be decoded
This is the raw data needed to be decoded
This is the raw data needed to be decoded
False
Initial Sigma 76.27570952352417
(!!!!!!!!!!!!!!!!!!!!!!) Reducing sigma 38.137854761762085
(!!!!!!!!!!!!!!!!!!!!!!) Reducing sigma 19.068927380881043
(!!!!!!!!!!!!!!!!!!!!!!) Reducing sigma 9.534463690440521
Selected marginals: {('Sci-Fi',): 2, ('Children',): 2, ('War',): 1, ('Action',): 2, ('Documentary',): 3, ('Fantasy',): 2, ('Adventure',): 3, ('Film-Noir',): 2, ('Horror',): 2, ('Romance',): 2, ('Comedy',): 1, ('Animation',): 2, ('Western',): 1, ('Mystery',): 2, ('Musical',): 2, ('Crime',): 1, ('Drama',): 1, ('IMAX',): 2, ('Thriller',): 2, ('(no genres listed)',): 2, ('Animation', 'Children'): 1}
Finish model construction
This is the raw data needed to be decoded
This is the raw data needed to be decoded
This is the raw data needed to be decoded
This is the raw data needed to be decoded
This is the raw data needed to be decoded
This is the raw data needed to be decoded
This is the raw data needed to be decoded
This is the raw data needed to be decoded
This is the raw data needed to be decoded
This is the raw data needed to be decoded
False
Initial Sigma 76.27570952352417
(!!!!!!!!!!!!!!!!!!!!!!) Reducing sigma 38.137854761762085
(!!!!!!!!!!!!!!!!!!!!!!) Reducing sigma 19.068927380881043
(!!!!!!!!!!!!!!!!!!!!!!) Reducing sigma 9.534463690440521
Selected marginals: {('Sci-Fi',): 3, ('Children',): 2, ('War',): 2, ('Action',): 1, ('Documentary',): 2, ('Fantasy',): 2, ('Adventure',): 1, ('Film-Noir',): 2, ('Horror',): 2, ('Romance',): 1, ('Comedy',): 1, ('Animation',): 3, ('Western',): 2, ('Mystery',): 2, ('Musical',): 1, ('Crime',): 2, ('Drama',): 1, ('IMAX',): 1, ('Thriller',): 2, ('(no genres listed)',): 1, ('Animation', 'Children'): 1}
Finish model construction
This is the raw data needed to be decoded
This is the raw data needed to be decoded
This is the raw data needed to be decoded
This is the raw data needed to be decoded
This is the raw data needed to be decoded
This is the raw data needed to be decoded
This is the raw data needed to be decoded
This is the raw data needed to be decoded
This is the raw data needed to be decoded
This is the raw data needed to be decoded
False
Initial Sigma 76.27570952352417
(!!!!!!!!!!!!!!!!!!!!!!) Reducing sigma 38.137854761762085
(!!!!!!!!!!!!!!!!!!!!!!) Reducing sigma 19.068927380881043
(!!!!!!!!!!!!!!!!!!!!!!) Reducing sigma 9.534463690440521
Selected marginals: {('Sci-Fi',): 2, ('Children',): 1, ('War',): 4, ('Action',): 2, ('Documentary',): 2, ('Fantasy',): 3, ('Adventure',): 1, ('Film-Noir',): 2, ('Horror',): 1, ('Romance',): 2, ('Comedy',): 1, ('Animation',): 1, ('Western',): 2, ('Mystery',): 2, ('Musical',): 2, ('Crime',): 2, ('Drama',): 2, ('IMAX',): 1, ('Thriller',): 2, ('(no genres listed)',): 1, ('Animation', 'Children'): 1}
Finish model construction
This is the raw data needed to be decoded
This is the raw data needed to be decoded
This is the raw data needed to be decoded
This is the raw data needed to be decoded
This is the raw data needed to be decoded
This is the raw data needed to be decoded
This is the raw data needed to be decoded
This is the raw data needed to be decoded
This is the raw data needed to be decoded
This is the raw data needed to be decoded
GPU GM attack training:   6%|█████▊                                                                                       | 5/80 [1:25:27<32:25:06, 1556.09s/it]False
Initial Sigma 9.986197209313659
(!!!!!!!!!!!!!!!!!!!!!!) Reducing sigma 4.993098604656829
(!!!!!!!!!!!!!!!!!!!!!!) Reducing sigma 2.4965493023284147
Selected marginals: {('Sci-Fi',): 1, ('Children',): 1, ('War',): 1, ('Action',): 1, ('Documentary',): 1, ('Fantasy',): 1, ('Adventure',): 1, ('Film-Noir',): 1, ('Horror',): 1, ('Romance',): 1, ('Comedy',): 1, ('Animation',): 1, ('Western',): 1, ('Mystery',): 1, ('Musical',): 1, ('Crime',): 1, ('Drama',): 3, ('IMAX',): 1, ('Thriller',): 1, ('(no genres listed)',): 1, ('Animation', 'Children'): 1, ('Action', 'Adventure'): 1, ('Action', 'Thriller'): 1, ('Crime', 'Thriller'): 1, ('Action', 'Sci-Fi'): 2, ('Drama', 'Thriller'): 1, ('Comedy', 'Drama'): 1, ('Drama', 'Romance'): 1, ('Mystery', 'Thriller'): 1, ('Drama', 'War'): 1, ('Animation', 'Musical'): 1, ('Adventure', 'Fantasy'): 1, ('Children', 'Drama'): 1, ('Adventure', 'Comedy'): 1, ('Children', 'Fantasy'): 1, ('Comedy', 'Romance'): 1, ('Action', 'IMAX'): 1, ('Horror', 'Sci-Fi'): 1, ('Drama', 'Sci-Fi'): 1, ('Crime', 'Drama'): 1, ('Drama', 'Western'): 1, ('Animation', 'IMAX'): 1, ('IMAX', 'Western'): 1, ('Comedy', 'Musical'): 1, ('Drama', 'Film-Noir'): 1, ('Documentary', 'Film-Noir'): 1, ('Drama', 'Mystery'): 1, ('War', 'Western'): 1}
Finish model construction
This is the raw data needed to be decoded
This is the raw data needed to be decoded
This is the raw data needed to be decoded
This is the raw data needed to be decoded
This is the raw data needed to be decoded
This is the raw data needed to be decoded
This is the raw data needed to be decoded
This is the raw data needed to be decoded
This is the raw data needed to be decoded
This is the raw data needed to be decoded
False
Initial Sigma 9.986197209313659
(!!!!!!!!!!!!!!!!!!!!!!) Reducing sigma 4.993098604656829
(!!!!!!!!!!!!!!!!!!!!!!) Reducing sigma 2.4965493023284147
Selected marginals: {('Sci-Fi',): 1, ('Children',): 1, ('War',): 1, ('Action',): 1, ('Documentary',): 1, ('Fantasy',): 1, ('Adventure',): 1, ('Film-Noir',): 1, ('Horror',): 1, ('Romance',): 1, ('Comedy',): 1, ('Animation',): 1, ('Western',): 2, ('Mystery',): 1, ('Musical',): 1, ('Crime',): 1, ('Drama',): 2, ('IMAX',): 1, ('Thriller',): 1, ('(no genres listed)',): 1, ('Animation', 'Children'): 1, ('Action', 'Adventure'): 1, ('Action', 'Sci-Fi'): 1, ('Crime', 'Thriller'): 1, ('Action', 'Thriller'): 1, ('Drama', 'Romance'): 1, ('Action', 'Drama'): 1, ('Adventure', 'Fantasy'): 1, ('Comedy', 'Drama'): 1, ('Animation', 'Musical'): 1, ('Mystery', 'Thriller'): 1, ('Drama', 'War'): 1, ('Animation', 'Fantasy'): 1, ('Crime', 'Drama'): 1, ('Children', 'Comedy'): 1, ('Drama', 'IMAX'): 1, ('Comedy', 'Romance'): 1, ('Horror', 'Sci-Fi'): 1, ('Animation', 'IMAX'): 1, ('Comedy', 'Sci-Fi'): 1, ('Drama', 'Western'): 1, ('Film-Noir', 'Western'): 1, ('Drama', 'Mystery'): 1, ('Horror', 'Western'): 1, ('Action', 'IMAX'): 1, ('Drama', 'Fantasy'): 1, ('War', 'Western'): 1, ('Horror', 'Mystery'): 1, ('Documentary', 'Film-Noir'): 1, ('Documentary', 'Drama'): 1, ('Comedy', 'Crime'): 1}
Finish model construction
This is the raw data needed to be decoded
This is the raw data needed to be decoded
This is the raw data needed to be decoded
This is the raw data needed to be decoded
This is the raw data needed to be decoded
This is the raw data needed to be decoded
This is the raw data needed to be decoded
This is the raw data needed to be decoded
This is the raw data needed to be decoded
This is the raw data needed to be decoded
False
Initial Sigma 9.986197209313659
(!!!!!!!!!!!!!!!!!!!!!!) Reducing sigma 4.993098604656829
(!!!!!!!!!!!!!!!!!!!!!!) Reducing sigma 2.4965493023284147
Selected marginals: {('Sci-Fi',): 1, ('Children',): 1, ('War',): 1, ('Action',): 1, ('Documentary',): 1, ('Fantasy',): 1, ('Adventure',): 1, ('Film-Noir',): 1, ('Horror',): 1, ('Romance',): 1, ('Comedy',): 2, ('Animation',): 3, ('Western',): 1, ('Mystery',): 1, ('Musical',): 2, ('Crime',): 1, ('Drama',): 1, ('IMAX',): 1, ('Thriller',): 1, ('(no genres listed)',): 1, ('Animation', 'Children'): 2, ('Action', 'Adventure'): 1, ('Action', 'Sci-Fi'): 1, ('Action', 'Thriller'): 1, ('Adventure', 'Fantasy'): 1, ('Crime', 'Thriller'): 1, ('Drama', 'Romance'): 1, ('Comedy', 'Romance'): 1, ('Crime', 'Drama'): 1, ('Mystery', 'Thriller'): 1, ('Children', 'Fantasy'): 1, ('Animation', 'Musical'): 1, ('Adventure', 'Comedy'): 1, ('Horror', 'Thriller'): 1, ('Fantasy', 'IMAX'): 1, ('Drama', 'War'): 1, ('Musical', 'Romance'): 1, ('Drama', 'Fantasy'): 1, ('Comedy', 'Thriller'): 1, ('IMAX', 'Sci-Fi'): 1, ('Film-Noir', 'Mystery'): 1, ('Documentary', 'Film-Noir'): 1, ('IMAX', 'Western'): 1, ('Animation', 'Comedy'): 1, ('Horror', 'Sci-Fi'): 1, ('Thriller', 'War'): 1, ('Drama', 'Mystery'): 1, ('Film-Noir', 'Western'): 1, ('Children', 'Musical'): 1, ('War', 'Western'): 1}
Finish model construction
This is the raw data needed to be decoded
This is the raw data needed to be decoded
This is the raw data needed to be decoded
This is the raw data needed to be decoded
This is the raw data needed to be decoded
This is the raw data needed to be decoded
This is the raw data needed to be decoded
This is the raw data needed to be decoded
This is the raw data needed to be decoded
This is the raw data needed to be decoded
False
Initial Sigma 9.986197209313659
(!!!!!!!!!!!!!!!!!!!!!!) Reducing sigma 4.993098604656829
(!!!!!!!!!!!!!!!!!!!!!!) Reducing sigma 2.4965493023284147
Selected marginals: {('Sci-Fi',): 1, ('Children',): 1, ('War',): 2, ('Action',): 1, ('Documentary',): 1, ('Fantasy',): 1, ('Adventure',): 1, ('Film-Noir',): 1, ('Horror',): 1, ('Romance',): 1, ('Comedy',): 1, ('Animation',): 1, ('Western',): 2, ('Mystery',): 3, ('Musical',): 1, ('Crime',): 2, ('Drama',): 1, ('IMAX',): 2, ('Thriller',): 1, ('(no genres listed)',): 1, ('Animation', 'Children'): 2, ('Action', 'Adventure'): 1, ('Action', 'Sci-Fi'): 1, ('Action', 'Thriller'): 1, ('Crime', 'Thriller'): 1, ('Adventure', 'Fantasy'): 1, ('Crime', 'Drama'): 1, ('Drama', 'Romance'): 1, ('Comedy', 'Romance'): 1, ('Mystery', 'Thriller'): 1, ('Animation', 'Musical'): 1, ('Children', 'Fantasy'): 1, ('Comedy', 'Fantasy'): 1, ('Horror', 'Thriller'): 1, ('Drama', 'War'): 1, ('Fantasy', 'IMAX'): 1, ('Musical', 'Romance'): 1, ('Comedy', 'Thriller'): 1, ('IMAX', 'Sci-Fi'): 1, ('Action', 'Western'): 1, ('Action', 'War'): 1, ('Animation', 'IMAX'): 1, ('Drama', 'Mystery'): 1, ('Documentary', 'Film-Noir'): 1, ('Horror', 'Sci-Fi'): 1, ('Film-Noir', 'Mystery'): 1, ('Children', 'Drama'): 1, ('Animation', 'Fantasy'): 1, ('Film-Noir', 'Western'): 1}
Finish model construction
This is the raw data needed to be decoded
This is the raw data needed to be decoded
This is the raw data needed to be decoded
This is the raw data needed to be decoded
This is the raw data needed to be decoded
This is the raw data needed to be decoded
This is the raw data needed to be decoded
This is the raw data needed to be decoded
This is the raw data needed to be decoded
This is the raw data needed to be decoded
False
Initial Sigma 9.986197209313659
(!!!!!!!!!!!!!!!!!!!!!!) Reducing sigma 4.993098604656829
(!!!!!!!!!!!!!!!!!!!!!!) Reducing sigma 2.4965493023284147
Selected marginals: {('Sci-Fi',): 1, ('Children',): 1, ('War',): 2, ('Action',): 1, ('Documentary',): 1, ('Fantasy',): 2, ('Adventure',): 1, ('Film-Noir',): 1, ('Horror',): 1, ('Romance',): 2, ('Comedy',): 1, ('Animation',): 1, ('Western',): 1, ('Mystery',): 1, ('Musical',): 1, ('Crime',): 1, ('Drama',): 1, ('IMAX',): 1, ('Thriller',): 1, ('(no genres listed)',): 1, ('Animation', 'Children'): 2, ('Action', 'Adventure'): 1, ('Action', 'Thriller'): 1, ('Action', 'Sci-Fi'): 1, ('Adventure', 'Fantasy'): 1, ('Children', 'Fantasy'): 1, ('Comedy', 'Romance'): 1, ('Crime', 'Thriller'): 1, ('Comedy', 'Fantasy'): 1, ('Crime', 'Drama'): 1, ('Mystery', 'Thriller'): 1, ('Animation', 'Musical'): 1, ('Comedy', 'Drama'): 1, ('Drama', 'War'): 1, ('Adventure', 'IMAX'): 1, ('Horror', 'Thriller'): 1, ('Adventure', 'Animation'): 1, ('Comedy', 'Sci-Fi'): 1, ('Action', 'Western'): 1, ('Musical', 'Romance'): 1, ('Drama', 'Mystery'): 1, ('Drama', 'Romance'): 1, ('Film-Noir', 'Mystery'): 1, ('Children', 'Comedy'): 1, ('IMAX', 'Musical'): 1, ('Horror', 'Sci-Fi'): 1, ('Adventure', 'Sci-Fi'): 1, ('Action', 'Drama'): 1, ('Documentary', 'Film-Noir'): 1}
Finish model construction
This is the raw data needed to be decoded
This is the raw data needed to be decoded
This is the raw data needed to be decoded
This is the raw data needed to be decoded
This is the raw data needed to be decoded
This is the raw data needed to be decoded
This is the raw data needed to be decoded
This is the raw data needed to be decoded
This is the raw data needed to be decoded
This is the raw data needed to be decoded
False
Initial Sigma 9.986197209313659
(!!!!!!!!!!!!!!!!!!!!!!) Reducing sigma 4.993098604656829
(!!!!!!!!!!!!!!!!!!!!!!) Reducing sigma 2.4965493023284147
Selected marginals: {('Sci-Fi',): 1, ('Children',): 2, ('War',): 2, ('Action',): 1, ('Documentary',): 2, ('Fantasy',): 2, ('Adventure',): 1, ('Film-Noir',): 2, ('Horror',): 1, ('Romance',): 1, ('Comedy',): 1, ('Animation',): 1, ('Western',): 1, ('Mystery',): 2, ('Musical',): 2, ('Crime',): 1, ('Drama',): 1, ('IMAX',): 1, ('Thriller',): 1, ('(no genres listed)',): 1, ('Animation', 'Children'): 2, ('Action', 'Adventure'): 1, ('Crime', 'Thriller'): 1, ('Action', 'Sci-Fi'): 1, ('Comedy', 'Romance'): 1, ('Action', 'Thriller'): 1, ('Adventure', 'Fantasy'): 1, ('Crime', 'Drama'): 1, ('Children', 'Fantasy'): 1, ('Animation', 'Musical'): 1, ('Mystery', 'Thriller'): 1, ('Children', 'Comedy'): 1, ('Comedy', 'Drama'): 1, ('Adventure', 'IMAX'): 1, ('Drama', 'War'): 1, ('Comedy', 'Sci-Fi'): 1, ('Horror', 'Thriller'): 1, ('Drama', 'Romance'): 1, ('Adventure', 'Animation'): 1, ('Adventure', 'Drama'): 1, ('Drama', 'Mystery'): 1, ('Action', 'Western'): 1, ('Film-Noir', 'Mystery'): 1, ('Adventure', 'Sci-Fi'): 1, ('Musical', 'Romance'): 1, ('IMAX', 'Musical'): 1, ('Horror', 'Western'): 1, ('Comedy', 'Fantasy'): 1}
Finish model construction
This is the raw data needed to be decoded
This is the raw data needed to be decoded
This is the raw data needed to be decoded
This is the raw data needed to be decoded
This is the raw data needed to be decoded
This is the raw data needed to be decoded
This is the raw data needed to be decoded
This is the raw data needed to be decoded
This is the raw data needed to be decoded
This is the raw data needed to be decoded
False
Initial Sigma 9.986197209313659
(!!!!!!!!!!!!!!!!!!!!!!) Reducing sigma 4.993098604656829
(!!!!!!!!!!!!!!!!!!!!!!) Reducing sigma 2.4965493023284147
Selected marginals: {('Sci-Fi',): 1, ('Children',): 2, ('War',): 1, ('Action',): 1, ('Documentary',): 1, ('Fantasy',): 1, ('Adventure',): 1, ('Film-Noir',): 1, ('Horror',): 1, ('Romance',): 2, ('Comedy',): 1, ('Animation',): 1, ('Western',): 1, ('Mystery',): 1, ('Musical',): 1, ('Crime',): 1, ('Drama',): 1, ('IMAX',): 1, ('Thriller',): 2, ('(no genres listed)',): 1, ('Animation', 'Children'): 2, ('Action', 'Adventure'): 1, ('Crime', 'Thriller'): 1, ('Action', 'Sci-Fi'): 1, ('Action', 'Thriller'): 1, ('Crime', 'Drama'): 1, ('Comedy', 'Romance'): 1, ('Adventure', 'Fantasy'): 1, ('Drama', 'Romance'): 1, ('Children', 'Fantasy'): 1, ('Animation', 'Musical'): 1, ('Mystery', 'Thriller'): 1, ('Comedy', 'Fantasy'): 1, ('Adventure', 'IMAX'): 1, ('Drama', 'War'): 1, ('Horror', 'Thriller'): 1, ('Adventure', 'Drama'): 1, ('Comedy', 'Sci-Fi'): 1, ('Drama', 'Western'): 1, ('Animation', 'IMAX'): 1, ('Documentary', 'Film-Noir'): 1, ('Musical', 'Romance'): 1, ('IMAX', 'War'): 1, ('War', 'Western'): 1, ('Comedy', 'Crime'): 1, ('Film-Noir', 'Mystery'): 1, ('Film-Noir', 'Western'): 1, ('IMAX', 'Sci-Fi'): 1, ('Horror', 'Sci-Fi'): 1, ('Drama', 'Mystery'): 1}
Finish model construction
This is the raw data needed to be decoded
This is the raw data needed to be decoded
This is the raw data needed to be decoded
This is the raw data needed to be decoded
This is the raw data needed to be decoded
This is the raw data needed to be decoded
This is the raw data needed to be decoded
This is the raw data needed to be decoded
This is the raw data needed to be decoded
This is the raw data needed to be decoded
False
Initial Sigma 9.986197209313659
(!!!!!!!!!!!!!!!!!!!!!!) Reducing sigma 4.993098604656829
(!!!!!!!!!!!!!!!!!!!!!!) Reducing sigma 2.4965493023284147
Selected marginals: {('Sci-Fi',): 1, ('Children',): 1, ('War',): 1, ('Action',): 1, ('Documentary',): 1, ('Fantasy',): 1, ('Adventure',): 1, ('Film-Noir',): 1, ('Horror',): 1, ('Romance',): 1, ('Comedy',): 1, ('Animation',): 1, ('Western',): 1, ('Mystery',): 2, ('Musical',): 1, ('Crime',): 1, ('Drama',): 1, ('IMAX',): 1, ('Thriller',): 2, ('(no genres listed)',): 1, ('Animation', 'Children'): 2, ('Action', 'Adventure'): 1, ('Crime', 'Thriller'): 1, ('Action', 'Sci-Fi'): 1, ('Action', 'Thriller'): 1, ('Comedy', 'Romance'): 1, ('Crime', 'Drama'): 1, ('Adventure', 'Fantasy'): 1, ('Mystery', 'Thriller'): 1, ('Drama', 'Romance'): 1, ('Children', 'Fantasy'): 1, ('Animation', 'Musical'): 1, ('Adventure', 'Comedy'): 1, ('Adventure', 'IMAX'): 1, ('Horror', 'Thriller'): 1, ('Drama', 'War'): 1, ('Musical', 'Romance'): 1, ('Adventure', 'Western'): 1, ('Drama', 'Sci-Fi'): 1, ('Documentary', 'Film-Noir'): 1, ('Animation', 'IMAX'): 1, ('War', 'Western'): 1, ('IMAX', 'Sci-Fi'): 1, ('IMAX', 'Western'): 1, ('Comedy', 'Crime'): 1, ('Drama', 'Mystery'): 1, ('Horror', 'Sci-Fi'): 1, ('Film-Noir', 'Horror'): 1, ('Film-Noir', 'Western'): 1}
Finish model construction
This is the raw data needed to be decoded
This is the raw data needed to be decoded
This is the raw data needed to be decoded
This is the raw data needed to be decoded
This is the raw data needed to be decoded
This is the raw data needed to be decoded
This is the raw data needed to be decoded
This is the raw data needed to be decoded
This is the raw data needed to be decoded
This is the raw data needed to be decoded
False
Initial Sigma 9.986197209313659
(!!!!!!!!!!!!!!!!!!!!!!) Reducing sigma 4.993098604656829
(!!!!!!!!!!!!!!!!!!!!!!) Reducing sigma 2.4965493023284147
(!!!!!!!!!!!!!!!!!!!!!!) Reducing sigma 1.2482746511642073
Selected marginals: {('Sci-Fi',): 1, ('Children',): 1, ('War',): 1, ('Action',): 2, ('Documentary',): 2, ('Fantasy',): 2, ('Adventure',): 1, ('Film-Noir',): 2, ('Horror',): 1, ('Romance',): 2, ('Comedy',): 1, ('Animation',): 1, ('Western',): 1, ('Mystery',): 1, ('Musical',): 2, ('Crime',): 1, ('Drama',): 1, ('IMAX',): 1, ('Thriller',): 1, ('(no genres listed)',): 2, ('Animation', 'Children'): 2, ('Action', 'Sci-Fi'): 1, ('Action', 'Adventure'): 1, ('Action', 'Thriller'): 1, ('Drama', 'Thriller'): 1, ('Comedy', 'Romance'): 1, ('Adventure', 'Fantasy'): 1, ('Crime', 'Thriller'): 1, ('Children', 'Fantasy'): 1, ('Adventure', 'Comedy'): 1, ('Mystery', 'Thriller'): 1, ('Drama', 'War'): 1, ('Drama', 'Romance'): 1, ('Children', 'Musical'): 1, ('Adventure', 'IMAX'): 1, ('Horror', 'Thriller'): 1, ('Comedy', 'Crime'): 1, ('Adventure', 'Animation'): 1, ('Fantasy', 'Romance'): 1, ('Thriller', 'Western'): 1, ('IMAX', 'Sci-Fi'): 1, ('Animation', 'Musical'): 1, ('Mystery', 'War'): 1, ('Film-Noir', 'Mystery'): 1}
Finish model construction
This is the raw data needed to be decoded
This is the raw data needed to be decoded
This is the raw data needed to be decoded
This is the raw data needed to be decoded
This is the raw data needed to be decoded
This is the raw data needed to be decoded
This is the raw data needed to be decoded
This is the raw data needed to be decoded
This is the raw data needed to be decoded
This is the raw data needed to be decoded
False
Initial Sigma 9.986197209313659
(!!!!!!!!!!!!!!!!!!!!!!) Reducing sigma 4.993098604656829
(!!!!!!!!!!!!!!!!!!!!!!) Reducing sigma 2.4965493023284147
Selected marginals: {('Sci-Fi',): 2, ('Children',): 2, ('War',): 1, ('Action',): 2, ('Documentary',): 2, ('Fantasy',): 1, ('Adventure',): 1, ('Film-Noir',): 1, ('Horror',): 1, ('Romance',): 1, ('Comedy',): 1, ('Animation',): 1, ('Western',): 2, ('Mystery',): 1, ('Musical',): 1, ('Crime',): 1, ('Drama',): 2, ('IMAX',): 2, ('Thriller',): 1, ('(no genres listed)',): 1, ('Animation', 'Children'): 1, ('Action', 'Thriller'): 1, ('Action', 'Adventure'): 1, ('Action', 'Sci-Fi'): 1, ('Adventure', 'Fantasy'): 1, ('Drama', 'Thriller'): 1, ('Crime', 'Thriller'): 1, ('Comedy', 'Romance'): 1, ('Children', 'Fantasy'): 1, ('Drama', 'Romance'): 1, ('Drama', 'Mystery'): 1, ('Animation', 'Musical'): 1, ('Comedy', 'Fantasy'): 1, ('Drama', 'War'): 1, ('Adventure', 'IMAX'): 1, ('Crime', 'Mystery'): 1, ('Horror', 'Thriller'): 1, ('Comedy', 'Crime'): 1, ('Adventure', 'Animation'): 1, ('War', 'Western'): 1, ('Children', 'Musical'): 1, ('IMAX', 'War'): 1, ('Comedy', 'Sci-Fi'): 1, ('Thriller', 'Western'): 1, ('Adventure', 'Sci-Fi'): 1, ('Documentary', 'Film-Noir'): 1, ('Drama', 'Musical'): 1, ('Film-Noir', 'Mystery'): 1, ('Animation', 'IMAX'): 1, ('Fantasy', 'Romance'): 1}
Finish model construction
This is the raw data needed to be decoded
This is the raw data needed to be decoded
This is the raw data needed to be decoded
This is the raw data needed to be decoded
This is the raw data needed to be decoded
This is the raw data needed to be decoded
This is the raw data needed to be decoded
This is the raw data needed to be decoded
This is the raw data needed to be decoded
This is the raw data needed to be decoded
False
Initial Sigma 9.986197209313659
(!!!!!!!!!!!!!!!!!!!!!!) Reducing sigma 4.993098604656829
(!!!!!!!!!!!!!!!!!!!!!!) Reducing sigma 2.4965493023284147
Selected marginals: {('Sci-Fi',): 1, ('Children',): 1, ('War',): 1, ('Action',): 1, ('Documentary',): 1, ('Fantasy',): 1, ('Adventure',): 1, ('Film-Noir',): 1, ('Horror',): 1, ('Romance',): 1, ('Comedy',): 2, ('Animation',): 1, ('Western',): 1, ('Mystery',): 1, ('Musical',): 1, ('Crime',): 1, ('Drama',): 2, ('IMAX',): 1, ('Thriller',): 1, ('(no genres listed)',): 1, ('Animation', 'Children'): 1, ('Action', 'Adventure'): 1, ('Action', 'Sci-Fi'): 1, ('Action', 'Thriller'): 1, ('Crime', 'Thriller'): 1, ('Crime', 'Drama'): 1, ('Comedy', 'Romance'): 1, ('Animation', 'Musical'): 1, ('Adventure', 'Fantasy'): 1, ('Comedy', 'Drama'): 1, ('Mystery', 'Thriller'): 1, ('Children', 'Fantasy'): 1, ('Animation', 'Comedy'): 1, ('Drama', 'War'): 1, ('Adventure', 'IMAX'): 1, ('Horror', 'Thriller'): 1, ('Action', 'Comedy'): 1, ('Action', 'Western'): 1, ('Documentary', 'Film-Noir'): 1, ('Children', 'Romance'): 1, ('War', 'Western'): 1, ('Animation', 'IMAX'): 1, ('Romance', 'Sci-Fi'): 1, ('Horror', 'Sci-Fi'): 1, ('Fantasy', 'Mystery'): 1, ('Adventure', 'Sci-Fi'): 1, ('Film-Noir', 'Mystery'): 1, ('Drama', 'Romance'): 1}
Finish model construction
This is the raw data needed to be decoded
This is the raw data needed to be decoded
This is the raw data needed to be decoded
This is the raw data needed to be decoded
This is the raw data needed to be decoded
This is the raw data needed to be decoded
This is the raw data needed to be decoded
This is the raw data needed to be decoded
This is the raw data needed to be decoded
This is the raw data needed to be decoded
False
Initial Sigma 9.986197209313659
(!!!!!!!!!!!!!!!!!!!!!!) Reducing sigma 4.993098604656829
(!!!!!!!!!!!!!!!!!!!!!!) Reducing sigma 2.4965493023284147
Selected marginals: {('Sci-Fi',): 1, ('Children',): 1, ('War',): 1, ('Action',): 1, ('Documentary',): 2, ('Fantasy',): 1, ('Adventure',): 1, ('Film-Noir',): 1, ('Horror',): 1, ('Romance',): 1, ('Comedy',): 1, ('Animation',): 1, ('Western',): 2, ('Mystery',): 1, ('Musical',): 1, ('Crime',): 1, ('Drama',): 2, ('IMAX',): 1, ('Thriller',): 1, ('(no genres listed)',): 1, ('Animation', 'Children'): 1, ('Action', 'Adventure'): 1, ('Action', 'Thriller'): 1, ('Crime', 'Thriller'): 1, ('Action', 'Sci-Fi'): 1, ('Crime', 'Drama'): 1, ('Comedy', 'Romance'): 1, ('Comedy', 'Drama'): 1, ('Animation', 'Musical'): 1, ('Mystery', 'Thriller'): 1, ('Adventure', 'Fantasy'): 1, ('Animation', 'Fantasy'): 1, ('Children', 'Comedy'): 1, ('Drama', 'War'): 1, ('Comedy', 'Sci-Fi'): 1, ('Horror', 'Sci-Fi'): 1, ('Documentary', 'Film-Noir'): 1, ('Adventure', 'IMAX'): 1, ('Fantasy', 'Romance'): 1, ('Drama', 'Mystery'): 1, ('Action', 'Western'): 1, ('Horror', 'Thriller'): 1, ('Adventure', 'Children'): 1, ('Adventure', 'Sci-Fi'): 1, ('War', 'Western'): 1, ('Film-Noir', 'Mystery'): 1, ('Musical', 'Romance'): 1, ('Comedy', 'Crime'): 1, ('Drama', 'Romance'): 1, ('Animation', 'IMAX'): 1, ('Animation', 'War'): 1}
Finish model construction
This is the raw data needed to be decoded
This is the raw data needed to be decoded
This is the raw data needed to be decoded
This is the raw data needed to be decoded
This is the raw data needed to be decoded
This is the raw data needed to be decoded
This is the raw data needed to be decoded
This is the raw data needed to be decoded
This is the raw data needed to be decoded
This is the raw data needed to be decoded
False
Initial Sigma 9.986197209313659
(!!!!!!!!!!!!!!!!!!!!!!) Reducing sigma 4.993098604656829
(!!!!!!!!!!!!!!!!!!!!!!) Reducing sigma 2.4965493023284147
Selected marginals: {('Sci-Fi',): 1, ('Children',): 1, ('War',): 1, ('Action',): 1, ('Documentary',): 1, ('Fantasy',): 1, ('Adventure',): 1, ('Film-Noir',): 1, ('Horror',): 1, ('Romance',): 1, ('Comedy',): 2, ('Animation',): 2, ('Western',): 2, ('Mystery',): 1, ('Musical',): 2, ('Crime',): 1, ('Drama',): 1, ('IMAX',): 1, ('Thriller',): 1, ('(no genres listed)',): 1, ('Animation', 'Children'): 1, ('Action', 'Adventure'): 1, ('Action', 'Sci-Fi'): 1, ('Action', 'Thriller'): 1, ('Comedy', 'Romance'): 1, ('Crime', 'Thriller'): 1, ('Adventure', 'Fantasy'): 1, ('Crime', 'Drama'): 1, ('Mystery', 'Thriller'): 1, ('Children', 'Fantasy'): 1, ('Drama', 'Romance'): 1, ('Animation', 'Musical'): 1, ('Adventure', 'Comedy'): 1, ('Drama', 'War'): 1, ('Adventure', 'IMAX'): 1, ('Horror', 'Thriller'): 1, ('Children', 'Comedy'): 1, ('Comedy', 'Horror'): 1, ('Documentary', 'Film-Noir'): 1, ('Musical', 'Romance'): 1, ('Drama', 'Western'): 1, ('Comedy', 'Crime'): 1, ('IMAX', 'Western'): 1, ('Mystery', 'Sci-Fi'): 1, ('Fantasy', 'Romance'): 1, ('Children', 'IMAX'): 1, ('Adventure', 'Sci-Fi'): 1, ('Drama', 'Mystery'): 1, ('Film-Noir', 'Horror'): 1, ('Documentary', 'Western'): 1}
Finish model construction
This is the raw data needed to be decoded
This is the raw data needed to be decoded
This is the raw data needed to be decoded
This is the raw data needed to be decoded
This is the raw data needed to be decoded
This is the raw data needed to be decoded
This is the raw data needed to be decoded
This is the raw data needed to be decoded
This is the raw data needed to be decoded
This is the raw data needed to be decoded
False
Initial Sigma 9.986197209313659
(!!!!!!!!!!!!!!!!!!!!!!) Reducing sigma 4.993098604656829
(!!!!!!!!!!!!!!!!!!!!!!) Reducing sigma 2.4965493023284147
Selected marginals: {('Sci-Fi',): 2, ('Children',): 1, ('War',): 1, ('Action',): 1, ('Documentary',): 2, ('Fantasy',): 1, ('Adventure',): 1, ('Film-Noir',): 1, ('Horror',): 2, ('Romance',): 1, ('Comedy',): 1, ('Animation',): 1, ('Western',): 1, ('Mystery',): 1, ('Musical',): 2, ('Crime',): 1, ('Drama',): 2, ('IMAX',): 1, ('Thriller',): 1, ('(no genres listed)',): 1, ('Animation', 'Children'): 2, ('Action', 'Thriller'): 2, ('Action', 'Adventure'): 1, ('Action', 'Sci-Fi'): 1, ('Crime', 'Thriller'): 1, ('Adventure', 'Fantasy'): 1, ('Children', 'Fantasy'): 1, ('Comedy', 'Romance'): 1, ('Crime', 'Drama'): 1, ('Mystery', 'Thriller'): 1, ('Comedy', 'Drama'): 1, ('Animation', 'Musical'): 1, ('Comedy', 'Fantasy'): 1, ('Adventure', 'IMAX'): 1, ('Horror', 'Thriller'): 1, ('Comedy', 'Sci-Fi'): 1, ('Drama', 'War'): 1, ('Musical', 'Romance'): 1, ('Adventure', 'Animation'): 1, ('Comedy', 'Horror'): 1, ('Drama', 'Western'): 1, ('Documentary', 'Film-Noir'): 1, ('Film-Noir', 'Horror'): 1, ('Mystery', 'Romance'): 1, ('Children', 'Comedy'): 1, ('IMAX', 'Musical'): 1, ('Drama', 'Romance'): 1, ('Adventure', 'Sci-Fi'): 1}
Finish model construction
This is the raw data needed to be decoded
This is the raw data needed to be decoded
This is the raw data needed to be decoded
This is the raw data needed to be decoded
This is the raw data needed to be decoded
This is the raw data needed to be decoded
This is the raw data needed to be decoded
This is the raw data needed to be decoded
This is the raw data needed to be decoded
This is the raw data needed to be decoded
False
Initial Sigma 9.986197209313659
(!!!!!!!!!!!!!!!!!!!!!!) Reducing sigma 4.993098604656829
(!!!!!!!!!!!!!!!!!!!!!!) Reducing sigma 2.4965493023284147
Selected marginals: {('Sci-Fi',): 1, ('Children',): 1, ('War',): 1, ('Action',): 2, ('Documentary',): 1, ('Fantasy',): 1, ('Adventure',): 1, ('Film-Noir',): 1, ('Horror',): 1, ('Romance',): 1, ('Comedy',): 1, ('Animation',): 1, ('Western',): 1, ('Mystery',): 1, ('Musical',): 1, ('Crime',): 1, ('Drama',): 2, ('IMAX',): 2, ('Thriller',): 1, ('(no genres listed)',): 1, ('Animation', 'Children'): 1, ('Action', 'Adventure'): 1, ('Action', 'Sci-Fi'): 1, ('Action', 'Thriller'): 1, ('Crime', 'Thriller'): 1, ('Comedy', 'Romance'): 1, ('Adventure', 'Fantasy'): 1, ('Drama', 'Romance'): 1, ('Crime', 'Drama'): 1, ('Children', 'Fantasy'): 1, ('Mystery', 'Thriller'): 1, ('Animation', 'Musical'): 1, ('Children', 'Comedy'): 1, ('Adventure', 'IMAX'): 1, ('Drama', 'War'): 1, ('Horror', 'Thriller'): 1, ('Comedy', 'Thriller'): 1, ('Musical', 'Romance'): 1, ('Drama', 'Western'): 1, ('Drama', 'Sci-Fi'): 1, ('Animation', 'IMAX'): 1, ('Action', 'War'): 1, ('Adventure', 'Western'): 1, ('Documentary', 'Film-Noir'): 1, ('Comedy', 'Fantasy'): 1, ('Film-Noir', 'Western'): 1, ('Drama', 'Mystery'): 1, ('Horror', 'Mystery'): 1, ('Film-Noir', 'War'): 1, ('IMAX', 'Sci-Fi'): 1, ('Adventure', 'Animation'): 1}
Finish model construction
This is the raw data needed to be decoded
This is the raw data needed to be decoded
This is the raw data needed to be decoded
This is the raw data needed to be decoded
This is the raw data needed to be decoded
This is the raw data needed to be decoded
This is the raw data needed to be decoded
This is the raw data needed to be decoded
This is the raw data needed to be decoded
This is the raw data needed to be decoded
False
Initial Sigma 9.986197209313659
(!!!!!!!!!!!!!!!!!!!!!!) Reducing sigma 4.993098604656829
(!!!!!!!!!!!!!!!!!!!!!!) Reducing sigma 2.4965493023284147
Selected marginals: {('Sci-Fi',): 1, ('Children',): 1, ('War',): 1, ('Action',): 1, ('Documentary',): 1, ('Fantasy',): 1, ('Adventure',): 2, ('Film-Noir',): 1, ('Horror',): 1, ('Romance',): 1, ('Comedy',): 1, ('Animation',): 1, ('Western',): 1, ('Mystery',): 1, ('Musical',): 1, ('Crime',): 2, ('Drama',): 1, ('IMAX',): 2, ('Thriller',): 1, ('(no genres listed)',): 1, ('Animation', 'Children'): 1, ('Action', 'Adventure'): 1, ('Action', 'Sci-Fi'): 1, ('Action', 'Thriller'): 1, ('Adventure', 'Fantasy'): 1, ('Crime', 'Thriller'): 1, ('Children', 'Fantasy'): 2, ('Crime', 'Drama'): 1, ('Comedy', 'Romance'): 1, ('Drama', 'Romance'): 1, ('Mystery', 'Thriller'): 1, ('Comedy', 'Fantasy'): 1, ('Animation', 'Musical'): 1, ('Drama', 'War'): 1, ('Adventure', 'IMAX'): 1, ('Horror', 'Thriller'): 1, ('Comedy', 'Thriller'): 1, ('Musical', 'Romance'): 1, ('Drama', 'Western'): 1, ('Drama', 'Sci-Fi'): 1, ('Animation', 'IMAX'): 1, ('Action', 'War'): 1, ('Documentary', 'Film-Noir'): 1, ('Film-Noir', 'Mystery'): 1, ('Horror', 'Sci-Fi'): 1, ('Children', 'Comedy'): 1, ('Drama', 'Mystery'): 1, ('Musical', 'Western'): 1, ('IMAX', 'Sci-Fi'): 1}
Finish model construction
This is the raw data needed to be decoded
This is the raw data needed to be decoded
This is the raw data needed to be decoded
This is the raw data needed to be decoded
This is the raw data needed to be decoded
This is the raw data needed to be decoded
This is the raw data needed to be decoded
This is the raw data needed to be decoded
This is the raw data needed to be decoded
This is the raw data needed to be decoded
False
Initial Sigma 9.986197209313659
(!!!!!!!!!!!!!!!!!!!!!!) Reducing sigma 4.993098604656829
(!!!!!!!!!!!!!!!!!!!!!!) Reducing sigma 2.4965493023284147
Selected marginals: {('Sci-Fi',): 1, ('Children',): 1, ('War',): 1, ('Action',): 1, ('Documentary',): 1, ('Fantasy',): 1, ('Adventure',): 1, ('Film-Noir',): 1, ('Horror',): 1, ('Romance',): 1, ('Comedy',): 2, ('Animation',): 1, ('Western',): 1, ('Mystery',): 1, ('Musical',): 2, ('Crime',): 2, ('Drama',): 2, ('IMAX',): 2, ('Thriller',): 1, ('(no genres listed)',): 1, ('Animation', 'Children'): 1, ('Action', 'Adventure'): 1, ('Action', 'Sci-Fi'): 1, ('Adventure', 'Fantasy'): 1, ('Crime', 'Thriller'): 1, ('Action', 'Thriller'): 1, ('Comedy', 'Romance'): 1, ('Action', 'Comedy'): 1, ('Crime', 'Drama'): 1, ('Mystery', 'Thriller'): 1, ('Children', 'Comedy'): 1, ('Animation', 'Musical'): 1, ('Drama', 'Romance'): 1, ('Children', 'Fantasy'): 1, ('Adventure', 'IMAX'): 1, ('Horror', 'Thriller'): 1, ('Drama', 'War'): 1, ('Documentary', 'Film-Noir'): 1, ('War', 'Western'): 1, ('Fantasy', 'Romance'): 1, ('Adventure', 'Sci-Fi'): 1, ('Animation', 'IMAX'): 1, ('Musical', 'Western'): 1, ('Children', 'Musical'): 1, ('Horror', 'Sci-Fi'): 1, ('Film-Noir', 'Mystery'): 1, ('IMAX', 'War'): 1, ('Film-Noir', 'Western'): 1, ('Horror', 'Mystery'): 1, ('Horror', 'Western'): 1}
Finish model construction
This is the raw data needed to be decoded
This is the raw data needed to be decoded
This is the raw data needed to be decoded
This is the raw data needed to be decoded
This is the raw data needed to be decoded
This is the raw data needed to be decoded
This is the raw data needed to be decoded
This is the raw data needed to be decoded
This is the raw data needed to be decoded
This is the raw data needed to be decoded
False
Initial Sigma 9.986197209313659
(!!!!!!!!!!!!!!!!!!!!!!) Reducing sigma 4.993098604656829
(!!!!!!!!!!!!!!!!!!!!!!) Reducing sigma 2.4965493023284147
Selected marginals: {('Sci-Fi',): 3, ('Children',): 1, ('War',): 1, ('Action',): 1, ('Documentary',): 1, ('Fantasy',): 1, ('Adventure',): 1, ('Film-Noir',): 1, ('Horror',): 1, ('Romance',): 1, ('Comedy',): 1, ('Animation',): 1, ('Western',): 1, ('Mystery',): 1, ('Musical',): 1, ('Crime',): 1, ('Drama',): 1, ('IMAX',): 1, ('Thriller',): 1, ('(no genres listed)',): 1, ('Animation', 'Children'): 1, ('Action', 'Adventure'): 1, ('Adventure', 'Sci-Fi'): 1, ('Action', 'Thriller'): 1, ('Crime', 'Thriller'): 1, ('Adventure', 'Fantasy'): 1, ('Comedy', 'Romance'): 1, ('Crime', 'Drama'): 1, ('Action', 'Comedy'): 1, ('Mystery', 'Thriller'): 1, ('Children', 'Fantasy'): 1, ('Animation', 'Musical'): 1, ('Drama', 'Romance'): 1, ('Children', 'Comedy'): 1, ('Horror', 'Sci-Fi'): 1, ('Sci-Fi', 'Thriller'): 1, ('Adventure', 'IMAX'): 1, ('Drama', 'War'): 1, ('Drama', 'Western'): 1, ('Horror', 'Mystery'): 1, ('Documentary', 'Film-Noir'): 1, ('Musical', 'Romance'): 1, ('IMAX', 'War'): 1, ('Animation', 'IMAX'): 1, ('Horror', 'Western'): 1, ('IMAX', 'Western'): 1, ('Adventure', 'Drama'): 1, ('Film-Noir', 'Mystery'): 1, ('Film-Noir', 'Western'): 1, ('Children', 'Musical'): 1, ('Comedy', 'Thriller'): 1, ('Action', 'Sci-Fi'): 1}
Finish model construction
This is the raw data needed to be decoded
This is the raw data needed to be decoded
This is the raw data needed to be decoded
This is the raw data needed to be decoded
This is the raw data needed to be decoded
This is the raw data needed to be decoded
This is the raw data needed to be decoded
This is the raw data needed to be decoded
This is the raw data needed to be decoded
This is the raw data needed to be decoded
False
Initial Sigma 9.986197209313659
(!!!!!!!!!!!!!!!!!!!!!!) Reducing sigma 4.993098604656829
(!!!!!!!!!!!!!!!!!!!!!!) Reducing sigma 2.4965493023284147
Selected marginals: {('Sci-Fi',): 1, ('Children',): 2, ('War',): 1, ('Action',): 1, ('Documentary',): 1, ('Fantasy',): 2, ('Adventure',): 1, ('Film-Noir',): 1, ('Horror',): 1, ('Romance',): 1, ('Comedy',): 1, ('Animation',): 1, ('Western',): 1, ('Mystery',): 1, ('Musical',): 1, ('Crime',): 1, ('Drama',): 1, ('IMAX',): 1, ('Thriller',): 1, ('(no genres listed)',): 1, ('Animation', 'Children'): 2, ('Action', 'Adventure'): 1, ('Action', 'Thriller'): 1, ('Action', 'Sci-Fi'): 1, ('Crime', 'Thriller'): 1, ('Adventure', 'Fantasy'): 1, ('Comedy', 'Romance'): 1, ('Comedy', 'Drama'): 1, ('Action', 'Drama'): 1, ('Mystery', 'Thriller'): 1, ('Animation', 'Musical'): 1, ('Children', 'Fantasy'): 1, ('Children', 'Comedy'): 1, ('Action', 'War'): 1, ('Crime', 'Drama'): 1, ('Action', 'IMAX'): 1, ('Horror', 'Thriller'): 1, ('Documentary', 'Film-Noir'): 1, ('Adventure', 'Romance'): 1, ('Drama', 'Western'): 1, ('Adventure', 'Animation'): 1, ('Drama', 'Romance'): 1, ('Adventure', 'Sci-Fi'): 1, ('Drama', 'Mystery'): 1, ('Animation', 'IMAX'): 1, ('Drama', 'War'): 1, ('Comedy', 'Fantasy'): 1, ('Film-Noir', 'Mystery'): 1, ('Musical', 'Western'): 1}
Finish model construction
This is the raw data needed to be decoded
This is the raw data needed to be decoded
This is the raw data needed to be decoded
This is the raw data needed to be decoded
This is the raw data needed to be decoded
This is the raw data needed to be decoded
This is the raw data needed to be decoded
This is the raw data needed to be decoded
This is the raw data needed to be decoded
This is the raw data needed to be decoded
False
Initial Sigma 9.986197209313659
(!!!!!!!!!!!!!!!!!!!!!!) Reducing sigma 4.993098604656829
(!!!!!!!!!!!!!!!!!!!!!!) Reducing sigma 2.4965493023284147
(!!!!!!!!!!!!!!!!!!!!!!) Reducing sigma 1.2482746511642073
Selected marginals: {('Sci-Fi',): 1, ('Children',): 1, ('War',): 1, ('Action',): 1, ('Documentary',): 2, ('Fantasy',): 1, ('Adventure',): 1, ('Film-Noir',): 1, ('Horror',): 1, ('Romance',): 2, ('Comedy',): 1, ('Animation',): 1, ('Western',): 1, ('Mystery',): 1, ('Musical',): 2, ('Crime',): 1, ('Drama',): 1, ('IMAX',): 1, ('Thriller',): 2, ('(no genres listed)',): 2, ('Animation', 'Children'): 2, ('Action', 'Adventure'): 1, ('Action', 'Sci-Fi'): 1, ('Action', 'Thriller'): 1, ('Comedy', 'Romance'): 1, ('Comedy', 'Drama'): 1, ('Crime', 'Drama'): 1, ('Crime', 'Thriller'): 1, ('Mystery', 'Thriller'): 1, ('Adventure', 'Fantasy'): 1, ('Animation', 'Musical'): 1, ('Children', 'Comedy'): 1, ('Adventure', 'Comedy'): 1, ('Drama', 'War'): 1, ('IMAX', 'Sci-Fi'): 1, ('Animation', 'Fantasy'): 1, ('Horror', 'Thriller'): 1, ('Drama', 'Mystery'): 1, ('Documentary', 'Film-Noir'): 1, ('Animation', 'IMAX'): 1, ('Adventure', 'Sci-Fi'): 1, ('Action', 'War'): 1, ('Drama', 'Western'): 1, ('Action', 'Romance'): 1}
Finish model construction
This is the raw data needed to be decoded
This is the raw data needed to be decoded
This is the raw data needed to be decoded
This is the raw data needed to be decoded
This is the raw data needed to be decoded
This is the raw data needed to be decoded
This is the raw data needed to be decoded
This is the raw data needed to be decoded
This is the raw data needed to be decoded
This is the raw data needed to be decoded
GPU GM attack training:   8%|██████▉                                                                                     | 6/80 [4:35:00<100:35:36, 4893.74s/it]No need for merge under threshold 0.005
minibatch:  50
total number of datapoints in the training data is 990

weights with no privatization are [1.] 

private
eps,delta = (0.010000000000000002) ==> Noise level sigma= 7.071067811865475
weights after privatization are [1.00310189]
Starting Training
epoch # and running loss are  [0, 0.2315331995487213]
epoch # and running loss are  [100, 0.04619781672954559]
epoch # and running loss are  [200, 0.0462760403752327]
epoch # and running loss are  [300, 0.04616522789001465]
epoch # and running loss are  [400, 0.046330004930496216]
epoch # and running loss are  [500, 0.04617347568273544]
epoch # and running loss are  [600, 0.04626644775271416]
epoch # and running loss are  [700, 0.046176478266716]
epoch # and running loss are  [800, 0.04628628492355347]
epoch # and running loss are  [900, 0.046191975474357605]
No need for decode
No need for decode
No need for decode
No need for decode
No need for decode
No need for decode
No need for decode
No need for decode
No need for decode
No need for decode
No need for merge under threshold 0.005
minibatch:  50
total number of datapoints in the training data is 991

weights with no privatization are [1.] 

private
eps,delta = (0.010000000000000002) ==> Noise level sigma= 7.071067811865475
weights after privatization are [1.00309876]
Starting Training
epoch # and running loss are  [0, 0.2302059680223465]
epoch # and running loss are  [100, 0.04462367668747902]
epoch # and running loss are  [200, 0.04447308927774429]
epoch # and running loss are  [300, 0.044461384415626526]
epoch # and running loss are  [400, 0.044454485177993774]
epoch # and running loss are  [500, 0.04450061917304993]
epoch # and running loss are  [600, 0.044487375766038895]
epoch # and running loss are  [700, 0.044345125555992126]
epoch # and running loss are  [800, 0.04432788863778114]
epoch # and running loss are  [900, 0.04430270940065384]
No need for decode
No need for decode
No need for decode
No need for decode
No need for decode
No need for decode
No need for decode
No need for decode
No need for decode
No need for decode
No need for merge under threshold 0.005
minibatch:  50
total number of datapoints in the training data is 990

weights with no privatization are [1.] 

private
eps,delta = (0.010000000000000002) ==> Noise level sigma= 7.071067811865475
weights after privatization are [1.00310189]
Starting Training
epoch # and running loss are  [0, 0.23516502976417542]
epoch # and running loss are  [100, 0.04467308521270752]
epoch # and running loss are  [200, 0.04463222622871399]
epoch # and running loss are  [300, 0.044674236327409744]
epoch # and running loss are  [400, 0.04452282935380936]
epoch # and running loss are  [500, 0.04458055645227432]
epoch # and running loss are  [600, 0.04459280148148537]
epoch # and running loss are  [700, 0.0445273257791996]
epoch # and running loss are  [800, 0.044567763805389404]
epoch # and running loss are  [900, 0.044541165232658386]
No need for decode
No need for decode
No need for decode
No need for decode
No need for decode
No need for decode
No need for decode
No need for decode
No need for decode
No need for decode
No need for merge under threshold 0.005
minibatch:  50
total number of datapoints in the training data is 991

weights with no privatization are [1.] 

private
eps,delta = (0.010000000000000002) ==> Noise level sigma= 7.071067811865475
weights after privatization are [1.00309876]
Starting Training
epoch # and running loss are  [0, 0.22446243464946747]
epoch # and running loss are  [100, 0.045358315110206604]
epoch # and running loss are  [200, 0.04526590555906296]
epoch # and running loss are  [300, 0.045271217823028564]
epoch # and running loss are  [400, 0.04524232819676399]
epoch # and running loss are  [500, 0.04533117264509201]
epoch # and running loss are  [600, 0.04522394761443138]
epoch # and running loss are  [700, 0.04551200196146965]
epoch # and running loss are  [800, 0.04524150863289833]
epoch # and running loss are  [900, 0.045213304460048676]
No need for decode
No need for decode
No need for decode
No need for decode
No need for decode
No need for decode
No need for decode
No need for decode
No need for decode
No need for decode
No need for merge under threshold 0.005
minibatch:  50
total number of datapoints in the training data is 990

weights with no privatization are [1.] 

private
eps,delta = (0.010000000000000002) ==> Noise level sigma= 7.071067811865475
weights after privatization are [1.00310189]
Starting Training
epoch # and running loss are  [0, 0.23139996826648712]
epoch # and running loss are  [100, 0.04759149253368378]
epoch # and running loss are  [200, 0.04753625765442848]
epoch # and running loss are  [300, 0.04761076346039772]
epoch # and running loss are  [400, 0.04755130037665367]
epoch # and running loss are  [500, 0.047647830098867416]
epoch # and running loss are  [600, 0.047537848353385925]
epoch # and running loss are  [700, 0.04753398522734642]
epoch # and running loss are  [800, 0.04754384234547615]
epoch # and running loss are  [900, 0.04755747690796852]
No need for decode
No need for decode
No need for decode
No need for decode
No need for decode
No need for decode
No need for decode
No need for decode
No need for decode
No need for decode
No need for merge under threshold 0.005
minibatch:  50
total number of datapoints in the training data is 991

weights with no privatization are [1.] 

private
eps,delta = (0.010000000000000002) ==> Noise level sigma= 7.071067811865475
weights after privatization are [1.00309876]
Starting Training
epoch # and running loss are  [0, 0.23523499071598053]
epoch # and running loss are  [100, 0.04642649367451668]
epoch # and running loss are  [200, 0.04597675800323486]
epoch # and running loss are  [300, 0.04602931812405586]
epoch # and running loss are  [400, 0.04600053280591965]
epoch # and running loss are  [500, 0.04606624320149422]
epoch # and running loss are  [600, 0.04604587331414223]
epoch # and running loss are  [700, 0.04598672688007355]
epoch # and running loss are  [800, 0.04598453268408775]
epoch # and running loss are  [900, 0.0459580272436142]
No need for decode
No need for decode
No need for decode
No need for decode
No need for decode
No need for decode
No need for decode
No need for decode
No need for decode
No need for decode
No need for merge under threshold 0.005
minibatch:  50
total number of datapoints in the training data is 990

weights with no privatization are [1.] 

private
eps,delta = (0.010000000000000002) ==> Noise level sigma= 7.071067811865475
weights after privatization are [1.00310189]
Starting Training
epoch # and running loss are  [0, 0.22853060066699982]
epoch # and running loss are  [100, 0.04461070895195007]
epoch # and running loss are  [200, 0.04434371367096901]
epoch # and running loss are  [300, 0.044390518218278885]
epoch # and running loss are  [400, 0.044341348111629486]
epoch # and running loss are  [500, 0.0445486381649971]
epoch # and running loss are  [600, 0.04443702474236488]
epoch # and running loss are  [700, 0.044411346316337585]
epoch # and running loss are  [800, 0.04434536397457123]
epoch # and running loss are  [900, 0.04431537538766861]
No need for decode
No need for decode
No need for decode
No need for decode
No need for decode
No need for decode
No need for decode
No need for decode
No need for decode
No need for decode
No need for merge under threshold 0.005
minibatch:  50
total number of datapoints in the training data is 991

weights with no privatization are [1.] 

private
eps,delta = (0.010000000000000002) ==> Noise level sigma= 7.071067811865475
weights after privatization are [1.00309876]
Starting Training
epoch # and running loss are  [0, 0.23182380199432373]
epoch # and running loss are  [100, 0.04370267316699028]
epoch # and running loss are  [200, 0.04339136555790901]
epoch # and running loss are  [300, 0.04336455464363098]
epoch # and running loss are  [400, 0.04325233772397041]
epoch # and running loss are  [500, 0.0432276576757431]
epoch # and running loss are  [600, 0.04337441921234131]
epoch # and running loss are  [700, 0.04322206228971481]
epoch # and running loss are  [800, 0.043258726596832275]
epoch # and running loss are  [900, 0.043219976127147675]
No need for decode
No need for decode
No need for decode
No need for decode
No need for decode
No need for decode
No need for decode
No need for decode
No need for decode
No need for decode
No need for merge under threshold 0.005
minibatch:  50
total number of datapoints in the training data is 990

weights with no privatization are [1.] 

private
eps,delta = (0.010000000000000002) ==> Noise level sigma= 7.071067811865475
weights after privatization are [1.00310189]
Starting Training
epoch # and running loss are  [0, 0.2357291281223297]
epoch # and running loss are  [100, 0.0451408252120018]
epoch # and running loss are  [200, 0.045121923089027405]
epoch # and running loss are  [300, 0.045158881694078445]
epoch # and running loss are  [400, 0.04509953409433365]
epoch # and running loss are  [500, 0.04505863040685654]
epoch # and running loss are  [600, 0.04511301591992378]
epoch # and running loss are  [700, 0.045127082616090775]
epoch # and running loss are  [800, 0.045061420649290085]
epoch # and running loss are  [900, 0.045140743255615234]
No need for decode
No need for decode
No need for decode
No need for decode
No need for decode
No need for decode
No need for decode
No need for decode
No need for decode
No need for decode
No need for merge under threshold 0.005
minibatch:  50
total number of datapoints in the training data is 991

weights with no privatization are [1.] 

private
eps,delta = (0.010000000000000002) ==> Noise level sigma= 7.071067811865475
weights after privatization are [1.00309876]
Starting Training
epoch # and running loss are  [0, 0.22995702922344208]
epoch # and running loss are  [100, 0.045614417642354965]
epoch # and running loss are  [200, 0.0456259585916996]
epoch # and running loss are  [300, 0.045614615082740784]
epoch # and running loss are  [400, 0.045807112008333206]
epoch # and running loss are  [500, 0.04557129740715027]
epoch # and running loss are  [600, 0.04575227200984955]
epoch # and running loss are  [700, 0.04567939043045044]
epoch # and running loss are  [800, 0.04573869705200195]
epoch # and running loss are  [900, 0.04559541121125221]
No need for decode
No need for decode
No need for decode
No need for decode
No need for decode
No need for decode
No need for decode
No need for decode
No need for decode
No need for decode
No need for merge under threshold 0.005
minibatch:  50
total number of datapoints in the training data is 990

weights with no privatization are [1.] 

private
eps,delta = (0.010000000000000002) ==> Noise level sigma= 7.071067811865475
weights after privatization are [1.00310189]
Starting Training
epoch # and running loss are  [0, 0.2283213585615158]
epoch # and running loss are  [100, 0.04849208891391754]
epoch # and running loss are  [200, 0.0485035702586174]
epoch # and running loss are  [300, 0.048404838889837265]
epoch # and running loss are  [400, 0.048553384840488434]
epoch # and running loss are  [500, 0.04877428337931633]
epoch # and running loss are  [600, 0.04841003194451332]
epoch # and running loss are  [700, 0.048389386385679245]
epoch # and running loss are  [800, 0.04839427024126053]
epoch # and running loss are  [900, 0.04841025918722153]
No need for decode
No need for decode
No need for decode
No need for decode
No need for decode
No need for decode
No need for decode
No need for decode
No need for decode
No need for decode
No need for merge under threshold 0.005
minibatch:  50
total number of datapoints in the training data is 991

weights with no privatization are [1.] 

private
eps,delta = (0.010000000000000002) ==> Noise level sigma= 7.071067811865475
weights after privatization are [1.00309876]
Starting Training
epoch # and running loss are  [0, 0.22806929051876068]
epoch # and running loss are  [100, 0.046551916748285294]
epoch # and running loss are  [200, 0.04645103961229324]
epoch # and running loss are  [300, 0.046426523476839066]
epoch # and running loss are  [400, 0.04641515389084816]
epoch # and running loss are  [500, 0.046479105949401855]
epoch # and running loss are  [600, 0.04648205637931824]
epoch # and running loss are  [700, 0.04644099250435829]
epoch # and running loss are  [800, 0.04642005264759064]
epoch # and running loss are  [900, 0.046418845653533936]
No need for decode
No need for decode
No need for decode
No need for decode
No need for decode
No need for decode
No need for decode
No need for decode
No need for decode
No need for decode
No need for merge under threshold 0.005
minibatch:  50
total number of datapoints in the training data is 990

weights with no privatization are [1.] 

private
eps,delta = (0.010000000000000002) ==> Noise level sigma= 7.071067811865475
weights after privatization are [1.00310189]
Starting Training
epoch # and running loss are  [0, 0.23077034950256348]
epoch # and running loss are  [100, 0.0455126129090786]
epoch # and running loss are  [200, 0.04549548029899597]
epoch # and running loss are  [300, 0.045423105359077454]
epoch # and running loss are  [400, 0.045407261699438095]
epoch # and running loss are  [500, 0.045391157269477844]
epoch # and running loss are  [600, 0.045544661581516266]
epoch # and running loss are  [700, 0.045451026409864426]
epoch # and running loss are  [800, 0.04552062600851059]
epoch # and running loss are  [900, 0.04540698230266571]
No need for decode
No need for decode
No need for decode
No need for decode
No need for decode
No need for decode
No need for decode
No need for decode
No need for decode
No need for decode
No need for merge under threshold 0.005
minibatch:  50
total number of datapoints in the training data is 991

weights with no privatization are [1.] 

private
eps,delta = (0.010000000000000002) ==> Noise level sigma= 7.071067811865475
weights after privatization are [1.00309876]
Starting Training
epoch # and running loss are  [0, 0.23428303003311157]
epoch # and running loss are  [100, 0.046807169914245605]
epoch # and running loss are  [200, 0.046751271933317184]
epoch # and running loss are  [300, 0.04682518541812897]
epoch # and running loss are  [400, 0.04679688438773155]
epoch # and running loss are  [500, 0.046780381351709366]
epoch # and running loss are  [600, 0.047111473977565765]
epoch # and running loss are  [700, 0.046942662447690964]
epoch # and running loss are  [800, 0.04697312042117119]
epoch # and running loss are  [900, 0.046865321695804596]
No need for decode
No need for decode
No need for decode
No need for decode
No need for decode
No need for decode
No need for decode
No need for decode
No need for decode
No need for decode
No need for merge under threshold 0.005
minibatch:  50
total number of datapoints in the training data is 990

weights with no privatization are [1.] 

private
eps,delta = (0.010000000000000002) ==> Noise level sigma= 7.071067811865475
weights after privatization are [1.00310189]
Starting Training
epoch # and running loss are  [0, 0.2338244467973709]
epoch # and running loss are  [100, 0.04604129493236542]
epoch # and running loss are  [200, 0.046014588326215744]
epoch # and running loss are  [300, 0.046007756143808365]
epoch # and running loss are  [400, 0.04604959487915039]
epoch # and running loss are  [500, 0.04602627456188202]
epoch # and running loss are  [600, 0.045988112688064575]
epoch # and running loss are  [700, 0.04601108655333519]
epoch # and running loss are  [800, 0.04606258496642113]
epoch # and running loss are  [900, 0.04598715901374817]
No need for decode
No need for decode
No need for decode
No need for decode
No need for decode
No need for decode
No need for decode
No need for decode
No need for decode
No need for decode
No need for merge under threshold 0.005
minibatch:  50
total number of datapoints in the training data is 991

weights with no privatization are [1.] 

private
eps,delta = (0.010000000000000002) ==> Noise level sigma= 7.071067811865475
weights after privatization are [1.00309876]
Starting Training
epoch # and running loss are  [0, 0.2335599958896637]
epoch # and running loss are  [100, 0.044709235429763794]
epoch # and running loss are  [200, 0.044638365507125854]
epoch # and running loss are  [300, 0.04460770636796951]
epoch # and running loss are  [400, 0.044657040387392044]
epoch # and running loss are  [500, 0.04461757093667984]
epoch # and running loss are  [600, 0.044885922223329544]
epoch # and running loss are  [700, 0.04465331882238388]
epoch # and running loss are  [800, 0.044803183525800705]
epoch # and running loss are  [900, 0.04458564519882202]
No need for decode
No need for decode
No need for decode
No need for decode
No need for decode
No need for decode
No need for decode
No need for decode
No need for decode
No need for decode
No need for merge under threshold 0.005
minibatch:  50
total number of datapoints in the training data is 990

weights with no privatization are [1.] 

private
eps,delta = (0.010000000000000002) ==> Noise level sigma= 7.071067811865475
weights after privatization are [1.00310189]
Starting Training
epoch # and running loss are  [0, 0.23793017864227295]
epoch # and running loss are  [100, 0.04472823813557625]
epoch # and running loss are  [200, 0.044229548424482346]
epoch # and running loss are  [300, 0.04440172761678696]
epoch # and running loss are  [400, 0.04433903843164444]
epoch # and running loss are  [500, 0.044217683374881744]
epoch # and running loss are  [600, 0.04419165104627609]
epoch # and running loss are  [700, 0.044266775250434875]
epoch # and running loss are  [800, 0.04448365420103073]
epoch # and running loss are  [900, 0.04418304190039635]
No need for decode
No need for decode
No need for decode
No need for decode
No need for decode
No need for decode
No need for decode
No need for decode
No need for decode
No need for decode
No need for merge under threshold 0.005
minibatch:  50
total number of datapoints in the training data is 991

weights with no privatization are [1.] 

private
eps,delta = (0.010000000000000002) ==> Noise level sigma= 7.071067811865475
weights after privatization are [1.00309876]
Starting Training
epoch # and running loss are  [0, 0.2270735800266266]
epoch # and running loss are  [100, 0.0456169955432415]
epoch # and running loss are  [200, 0.04518888518214226]
epoch # and running loss are  [300, 0.04516252130270004]
epoch # and running loss are  [400, 0.04515906423330307]
epoch # and running loss are  [500, 0.045144759118556976]
epoch # and running loss are  [600, 0.04520285502076149]
epoch # and running loss are  [700, 0.045182887464761734]
epoch # and running loss are  [800, 0.04514636844396591]
epoch # and running loss are  [900, 0.045245200395584106]
No need for decode
No need for decode
No need for decode
No need for decode
No need for decode
No need for decode
No need for decode
No need for decode
No need for decode
No need for decode
No need for merge under threshold 0.005
minibatch:  50
total number of datapoints in the training data is 990

weights with no privatization are [1.] 

private
eps,delta = (0.010000000000000002) ==> Noise level sigma= 7.071067811865475
weights after privatization are [1.00310189]
Starting Training
epoch # and running loss are  [0, 0.23135535418987274]
epoch # and running loss are  [100, 0.044156841933727264]
epoch # and running loss are  [200, 0.04401267319917679]
epoch # and running loss are  [300, 0.043664686381816864]
epoch # and running loss are  [400, 0.04364989697933197]
epoch # and running loss are  [500, 0.043580204248428345]
epoch # and running loss are  [600, 0.04357754439115524]
epoch # and running loss are  [700, 0.04355316609144211]
epoch # and running loss are  [800, 0.043595585972070694]
epoch # and running loss are  [900, 0.043545179069042206]
No need for decode
No need for decode
No need for decode
No need for decode
No need for decode
No need for decode
No need for decode
No need for decode
No need for decode
No need for decode
No need for merge under threshold 0.005
minibatch:  50
total number of datapoints in the training data is 991

weights with no privatization are [1.] 

private
eps,delta = (0.010000000000000002) ==> Noise level sigma= 7.071067811865475
weights after privatization are [1.00309876]
Starting Training
epoch # and running loss are  [0, 0.23571564257144928]
epoch # and running loss are  [100, 0.04598929360508919]
epoch # and running loss are  [200, 0.045975107699632645]
epoch # and running loss are  [300, 0.04601072892546654]
epoch # and running loss are  [400, 0.04597420245409012]
epoch # and running loss are  [500, 0.04596462845802307]
epoch # and running loss are  [600, 0.04599972814321518]
epoch # and running loss are  [700, 0.0459667444229126]
epoch # and running loss are  [800, 0.04594498500227928]
epoch # and running loss are  [900, 0.04596199467778206]
No need for decode
No need for decode
No need for decode
No need for decode
No need for decode
No need for decode
No need for decode
No need for decode
No need for decode
No need for decode
GPU GM attack training:   9%|████████▏                                                                                    | 7/80 [4:36:13<67:16:23, 3317.59s/it]Initializing self.queries...
100%|██████████████████████████████████████████████████████████████████████████████████████████████████████████████████████| 190/190 [00:00<00:00, 75124.22it/s]
100%|█████████████████████████████████████████████████████████████████████████████████████████████████████████████████████████| 100/100 [01:36<00:00,  1.04it/s]
Initializing self.queries...██████████████████████████████████████████████████████████████████████████████████████████████████| 100/100 [01:36<00:00,  1.82s/it]
100%|██████████████████████████████████████████████████████████████████████████████████████████████████████████████████████| 190/190 [00:00<00:00, 73625.07it/s]
100%|█████████████████████████████████████████████████████████████████████████████████████████████████████████████████████████| 100/100 [02:36<00:00,  1.57s/it]
Initializing self.queries...██████████████████████████████████████████████████████████████████████████████████████████████████| 100/100 [02:36<00:00,  1.79s/it]
100%|██████████████████████████████████████████████████████████████████████████████████████████████████████████████████████| 190/190 [00:00<00:00, 74947.59it/s]
100%|█████████████████████████████████████████████████████████████████████████████████████████████████████████████████████████| 100/100 [02:09<00:00,  1.30s/it]
Initializing self.queries...██████████████████████████████████████████████████████████████████████████████████████████████████| 100/100 [02:09<00:00,  1.83s/it]
100%|██████████████████████████████████████████████████████████████████████████████████████████████████████████████████████| 190/190 [00:00<00:00, 75195.11it/s]
100%|█████████████████████████████████████████████████████████████████████████████████████████████████████████████████████████| 100/100 [02:04<00:00,  1.25s/it]
Initializing self.queries...██████████████████████████████████████████████████████████████████████████████████████████████████| 100/100 [02:04<00:00,  1.82s/it]
100%|██████████████████████████████████████████████████████████████████████████████████████████████████████████████████████| 190/190 [00:00<00:00, 70151.21it/s]
100%|█████████████████████████████████████████████████████████████████████████████████████████████████████████████████████████| 100/100 [02:35<00:00,  1.55s/it]
Initializing self.queries...██████████████████████████████████████████████████████████████████████████████████████████████████| 100/100 [02:35<00:00,  1.84s/it]
100%|██████████████████████████████████████████████████████████████████████████████████████████████████████████████████████| 190/190 [00:00<00:00, 74673.70it/s]
100%|█████████████████████████████████████████████████████████████████████████████████████████████████████████████████████████| 100/100 [02:36<00:00,  1.57s/it]
Initializing self.queries...██████████████████████████████████████████████████████████████████████████████████████████████████| 100/100 [02:36<00:00,  1.83s/it]
100%|██████████████████████████████████████████████████████████████████████████████████████████████████████████████████████| 190/190 [00:00<00:00, 72204.20it/s]
100%|█████████████████████████████████████████████████████████████████████████████████████████████████████████████████████████| 100/100 [01:30<00:00,  1.11it/s]
Initializing self.queries...██████████████████████████████████████████████████████████████████████████████████████████████████| 100/100 [01:30<00:00,  1.83s/it]
100%|██████████████████████████████████████████████████████████████████████████████████████████████████████████████████████| 190/190 [00:00<00:00, 75074.68it/s]
100%|█████████████████████████████████████████████████████████████████████████████████████████████████████████████████████████| 100/100 [01:36<00:00,  1.04it/s]
Initializing self.queries...██████████████████████████████████████████████████████████████████████████████████████████████████| 100/100 [01:36<00:00,  1.84s/it]
100%|██████████████████████████████████████████████████████████████████████████████████████████████████████████████████████| 190/190 [00:00<00:00, 73959.88it/s]
100%|█████████████████████████████████████████████████████████████████████████████████████████████████████████████████████████| 100/100 [02:01<00:00,  1.22s/it]
Initializing self.queries...██████████████████████████████████████████████████████████████████████████████████████████████████| 100/100 [02:01<00:00,  1.83s/it]
100%|██████████████████████████████████████████████████████████████████████████████████████████████████████████████████████| 190/190 [00:00<00:00, 75911.39it/s]
100%|█████████████████████████████████████████████████████████████████████████████████████████████████████████████████████████| 100/100 [02:41<00:00,  1.62s/it]
Initializing self.queries...██████████████████████████████████████████████████████████████████████████████████████████████████| 100/100 [02:41<00:00,  1.83s/it]
100%|██████████████████████████████████████████████████████████████████████████████████████████████████████████████████████| 190/190 [00:00<00:00, 73529.96it/s]
100%|█████████████████████████████████████████████████████████████████████████████████████████████████████████████████████████| 100/100 [02:31<00:00,  1.52s/it]
Initializing self.queries...██████████████████████████████████████████████████████████████████████████████████████████████████| 100/100 [02:31<00:00,  1.83s/it]
100%|██████████████████████████████████████████████████████████████████████████████████████████████████████████████████████| 190/190 [00:00<00:00, 73829.70it/s]
100%|█████████████████████████████████████████████████████████████████████████████████████████████████████████████████████████| 100/100 [02:46<00:00,  1.66s/it]
Initializing self.queries...██████████████████████████████████████████████████████████████████████████████████████████████████| 100/100 [02:46<00:00,  1.83s/it]
100%|██████████████████████████████████████████████████████████████████████████████████████████████████████████████████████| 190/190 [00:00<00:00, 74534.02it/s]
100%|█████████████████████████████████████████████████████████████████████████████████████████████████████████████████████████| 100/100 [02:11<00:00,  1.31s/it]
Initializing self.queries...██████████████████████████████████████████████████████████████████████████████████████████████████| 100/100 [02:11<00:00,  1.83s/it]
100%|██████████████████████████████████████████████████████████████████████████████████████████████████████████████████████| 190/190 [00:00<00:00, 75046.40it/s]
100%|█████████████████████████████████████████████████████████████████████████████████████████████████████████████████████████| 100/100 [02:15<00:00,  1.35s/it]
Initializing self.queries...██████████████████████████████████████████████████████████████████████████████████████████████████| 100/100 [02:15<00:00,  1.82s/it]
100%|██████████████████████████████████████████████████████████████████████████████████████████████████████████████████████| 190/190 [00:00<00:00, 72984.50it/s]
100%|█████████████████████████████████████████████████████████████████████████████████████████████████████████████████████████| 100/100 [02:48<00:00,  1.69s/it]
Initializing self.queries...██████████████████████████████████████████████████████████████████████████████████████████████████| 100/100 [02:48<00:00,  1.80s/it]
100%|██████████████████████████████████████████████████████████████████████████████████████████████████████████████████████| 190/190 [00:00<00:00, 72877.71it/s]
100%|█████████████████████████████████████████████████████████████████████████████████████████████████████████████████████████| 100/100 [02:31<00:00,  1.51s/it]
Initializing self.queries...██████████████████████████████████████████████████████████████████████████████████████████████████| 100/100 [02:31<00:00,  1.82s/it]
100%|██████████████████████████████████████████████████████████████████████████████████████████████████████████████████████| 190/190 [00:00<00:00, 73905.01it/s]
100%|█████████████████████████████████████████████████████████████████████████████████████████████████████████████████████████| 100/100 [02:41<00:00,  1.62s/it]
Initializing self.queries...██████████████████████████████████████████████████████████████████████████████████████████████████| 100/100 [02:41<00:00,  1.82s/it]
100%|██████████████████████████████████████████████████████████████████████████████████████████████████████████████████████| 190/190 [00:00<00:00, 73435.11it/s]
100%|█████████████████████████████████████████████████████████████████████████████████████████████████████████████████████████| 100/100 [02:44<00:00,  1.65s/it]
Initializing self.queries...██████████████████████████████████████████████████████████████████████████████████████████████████| 100/100 [02:44<00:00,  1.82s/it]
100%|██████████████████████████████████████████████████████████████████████████████████████████████████████████████████████| 190/190 [00:00<00:00, 74982.85it/s]
100%|█████████████████████████████████████████████████████████████████████████████████████████████████████████████████████████| 100/100 [02:47<00:00,  1.68s/it]
Initializing self.queries...██████████████████████████████████████████████████████████████████████████████████████████████████| 100/100 [02:47<00:00,  1.83s/it]
100%|██████████████████████████████████████████████████████████████████████████████████████████████████████████████████████| 190/190 [00:00<00:00, 73734.06it/s]
100%|█████████████████████████████████████████████████████████████████████████████████████████████████████████████████████████| 100/100 [02:30<00:00,  1.50s/it]
GPU GM attack training:  10%|█████████▎                                                                                   | 8/80 [5:23:58<63:28:09, 3173.46s/it]Initializing self.queries...
100%|██████████████████████████████████████████████████████████████████████████████████████████████████████████████████████| 190/190 [00:00<00:00, 73638.68it/s]
100%|█████████████████████████████████████████████████████████████████████████████████████████████████████████████████████████| 100/100 [00:03<00:00, 27.47it/s]
Initializing self.queries...█████████████████████████████████████████████████████████████████████████████████████████████████▊ | 99/100 [00:03<00:00, 29.45it/s]
100%|██████████████████████████████████████████████████████████████████████████████████████████████████████████████████████| 190/190 [00:00<00:00, 72871.05it/s]
100%|█████████████████████████████████████████████████████████████████████████████████████████████████████████████████████████| 100/100 [00:02<00:00, 34.89it/s]
Initializing self.queries...███████████████████████████████████████████████████████████████████████████████████████████████▎   | 97/100 [00:02<00:00, 31.55it/s]
100%|██████████████████████████████████████████████████████████████████████████████████████████████████████████████████████| 190/190 [00:00<00:00, 74173.28it/s]
100%|█████████████████████████████████████████████████████████████████████████████████████████████████████████████████████████| 100/100 [00:04<00:00, 20.54it/s]
Initializing self.queries...████████████████████████████████████████████████████████████████████████████████████████████████▌  | 98/100 [00:04<00:00, 12.33it/s]
100%|██████████████████████████████████████████████████████████████████████████████████████████████████████████████████████| 190/190 [00:00<00:00, 73843.38it/s]
100%|█████████████████████████████████████████████████████████████████████████████████████████████████████████████████████████| 100/100 [00:02<00:00, 36.77it/s]
Initializing self.queries...█████████████████████████████████████████████████████████████████████████████████████████████████▊ | 99/100 [00:02<00:00, 32.57it/s]
100%|██████████████████████████████████████████████████████████████████████████████████████████████████████████████████████| 190/190 [00:00<00:00, 73064.80it/s]
100%|█████████████████████████████████████████████████████████████████████████████████████████████████████████████████████████| 100/100 [00:21<00:00,  4.72it/s]
Initializing self.queries...██████████████████████████████████████████████████████████████████████████████████████████████████| 100/100 [00:21<00:00,  1.51it/s]
100%|██████████████████████████████████████████████████████████████████████████████████████████████████████████████████████| 190/190 [00:00<00:00, 75616.07it/s]
100%|█████████████████████████████████████████████████████████████████████████████████████████████████████████████████████████| 100/100 [00:02<00:00, 34.20it/s]
Initializing self.queries...████████████████████████████████████████████████████████████████████████████████████████████████▌  | 98/100 [00:02<00:00, 34.72it/s]
100%|██████████████████████████████████████████████████████████████████████████████████████████████████████████████████████| 190/190 [00:00<00:00, 68042.84it/s]
100%|█████████████████████████████████████████████████████████████████████████████████████████████████████████████████████████| 100/100 [00:02<00:00, 35.48it/s]
Initializing self.queries...███████████████████████████████████████████████████████████████████████████████████████████████▎   | 97/100 [00:02<00:00, 29.88it/s]
100%|██████████████████████████████████████████████████████████████████████████████████████████████████████████████████████| 190/190 [00:00<00:00, 72691.58it/s]
100%|█████████████████████████████████████████████████████████████████████████████████████████████████████████████████████████| 100/100 [00:03<00:00, 31.32it/s]
Initializing self.queries...███████████████████████████████████████████████████████████████████████████████████████████████▎   | 97/100 [00:03<00:00, 23.56it/s]
100%|██████████████████████████████████████████████████████████████████████████████████████████████████████████████████████| 190/190 [00:00<00:00, 73563.90it/s]
100%|█████████████████████████████████████████████████████████████████████████████████████████████████████████████████████████| 100/100 [00:02<00:00, 33.99it/s]
Initializing self.queries...████████████████████████████████████████████████████████████████████████████████████████████████▌  | 98/100 [00:02<00:00, 24.81it/s]
100%|██████████████████████████████████████████████████████████████████████████████████████████████████████████████████████| 190/190 [00:00<00:00, 73877.61it/s]
100%|█████████████████████████████████████████████████████████████████████████████████████████████████████████████████████████| 100/100 [00:02<00:00, 34.44it/s]
Initializing self.queries...████████████████████████████████████████████████████████████████████████████████████████████████▌  | 98/100 [00:02<00:00, 32.33it/s]
100%|██████████████████████████████████████████████████████████████████████████████████████████████████████████████████████| 190/190 [00:00<00:00, 71051.87it/s]
100%|█████████████████████████████████████████████████████████████████████████████████████████████████████████████████████████| 100/100 [00:02<00:00, 35.68it/s]
Initializing self.queries...████████████████████████████████████████████████████████████████████████████████████████████████▌  | 98/100 [00:02<00:00, 35.95it/s]
100%|██████████████████████████████████████████████████████████████████████████████████████████████████████████████████████| 190/190 [00:00<00:00, 73509.62it/s]
100%|█████████████████████████████████████████████████████████████████████████████████████████████████████████████████████████| 100/100 [00:02<00:00, 36.74it/s]
Initializing self.queries...███████████████████████████████████████████████████████████████████████████████████████████████▎   | 97/100 [00:02<00:00, 32.56it/s]
100%|██████████████████████████████████████████████████████████████████████████████████████████████████████████████████████| 190/190 [00:00<00:00, 74652.72it/s]
100%|█████████████████████████████████████████████████████████████████████████████████████████████████████████████████████████| 100/100 [00:03<00:00, 32.90it/s]
Initializing self.queries...█████████████████████████████████████████████████████████████████████████████████████████████████▊ | 99/100 [00:02<00:00, 26.52it/s]
100%|██████████████████████████████████████████████████████████████████████████████████████████████████████████████████████| 190/190 [00:00<00:00, 74912.37it/s]
100%|█████████████████████████████████████████████████████████████████████████████████████████████████████████████████████████| 100/100 [00:41<00:00,  2.44it/s]
Initializing self.queries...██████████████████████████████████████████████████████████████████████████████████████████████████| 100/100 [00:41<00:00,  1.27s/it]
100%|██████████████████████████████████████████████████████████████████████████████████████████████████████████████████████| 190/190 [00:00<00:00, 74035.47it/s]
100%|█████████████████████████████████████████████████████████████████████████████████████████████████████████████████████████| 100/100 [00:09<00:00, 10.47it/s]
Initializing self.queries...█████████████████████████████████████████████████████████████████████████████████████████████████▊ | 99/100 [00:07<00:00,  3.38it/s]
100%|██████████████████████████████████████████████████████████████████████████████████████████████████████████████████████| 190/190 [00:00<00:00, 73172.14it/s]
100%|█████████████████████████████████████████████████████████████████████████████████████████████████████████████████████████| 100/100 [00:03<00:00, 31.14it/s]
Initializing self.queries...██████████████████████████████████████████████████████████████████████████████████████████████████| 100/100 [00:03<00:00, 22.83it/s]
100%|██████████████████████████████████████████████████████████████████████████████████████████████████████████████████████| 190/190 [00:00<00:00, 73219.20it/s]
100%|█████████████████████████████████████████████████████████████████████████████████████████████████████████████████████████| 100/100 [00:24<00:00,  4.03it/s]
Initializing self.queries...██████████████████████████████████████████████████████████████████████████████████████████████████| 100/100 [00:24<00:00,  1.20s/it]
100%|██████████████████████████████████████████████████████████████████████████████████████████████████████████████████████| 190/190 [00:00<00:00, 73795.51it/s]
100%|█████████████████████████████████████████████████████████████████████████████████████████████████████████████████████████| 100/100 [00:12<00:00,  8.26it/s]
Initializing self.queries...██████████████████████████████████████████████████████████████████████████████████████████████████| 100/100 [00:12<00:00,  1.39it/s]
100%|██████████████████████████████████████████████████████████████████████████████████████████████████████████████████████| 190/190 [00:00<00:00, 74263.14it/s]
100%|█████████████████████████████████████████████████████████████████████████████████████████████████████████████████████████| 100/100 [00:08<00:00, 11.69it/s]
Initializing self.queries...██████████████████████████████████████████████████████████████████████████████████████████████     | 96/100 [00:08<00:00,  4.00it/s]
100%|██████████████████████████████████████████████████████████████████████████████████████████████████████████████████████| 190/190 [00:00<00:00, 75145.47it/s]
100%|█████████████████████████████████████████████████████████████████████████████████████████████████████████████████████████| 100/100 [00:02<00:00, 37.80it/s]
GPU GM attack training:  11%|██████████▍                                                                                  | 9/80 [5:27:04<44:10:13, 2239.62s/it]2026-04-15 00:17:29,807 jax._src.xla_bridge INFO     Unable to initialize backend 'tpu': INTERNAL: Failed to open libtpu.so: libtpu.so: cannot open shared object file: No such file or directory
2026-04-15 00:17:29,807 jax._src.xla_bridge WARNING  An NVIDIA GPU may be present on this machine, but a CUDA-enabled jaxlib is not installed. Falling back to cpu.
Setting up Marginals.: 100%|█████████████████████████████████████████████████████████████████████████████████████████████████| 190/190 [00:00<00:00, 663.42it/s]
Setting up Marginals.:   1%|▌                                                                                                   | 1/190 [00:00<00:41,  4.60it/s]
number of queries is 22990

Setting up Marginals.: 100%|████████████████████████████████████████████████████████████████████████████████████████████████| 190/190 [00:00<00:00, 2518.06it/s]
Setting up Marginals.:   0%|                                                                                                            | 0/190 [00:00<?, ?it/s]
number of queries is 22990

Setting up Marginals.: 100%|████████████████████████████████████████████████████████████████████████████████████████████████| 190/190 [00:00<00:00, 2453.89it/s]
Setting up Marginals.:   0%|                                                                                                            | 0/190 [00:00<?, ?it/s]
number of queries is 22990

Setting up Marginals.: 100%|████████████████████████████████████████████████████████████████████████████████████████████████| 190/190 [00:00<00:00, 2439.24it/s]
Setting up Marginals.:   0%|                                                                                                            | 0/190 [00:00<?, ?it/s]
number of queries is 22990

Setting up Marginals.: 100%|████████████████████████████████████████████████████████████████████████████████████████████████| 190/190 [00:00<00:00, 2431.16it/s]
Setting up Marginals.:   0%|                                                                                                            | 0/190 [00:00<?, ?it/s]
number of queries is 22990

/home/kikus/repos/synthetic_data_release/.venv/lib/python3.12/site-packages/joblib/externals/loky/backend/resource_tracker.py:359: UserWarning: resource_tracker: There appear to be 6 leaked semlock objects to clean up at shutdown
  warnings.warn(
/home/kikus/repos/synthetic_data_release/.venv/lib/python3.12/site-packages/joblib/externals/loky/backend/resource_tracker.py:359: UserWarning: resource_tracker: There appear to be 1 leaked folder objects to clean up at shutdown
  warnings.warn(